virus,population,prob_type,loghi,prob_lb,prob_med,prob_ub
bvic,General,inf,0,0.1874428270985775,0.33521986021989314,0.5407701961941231
bvic,General,inf,0.087,0.18305262274226364,0.32441847787445044,0.5193404507602298
bvic,General,inf,0.174,0.17878074347579304,0.3135846481686082,0.49779973816043965
bvic,General,inf,0.261,0.1741865752201774,0.3030952108369055,0.4780271275725792
bvic,General,inf,0.348,0.17018186341281963,0.29299644167945205,0.45782945245408646
bvic,General,inf,0.43499999999999994,0.1660926599105838,0.282946234501534,0.43884700306994495
bvic,General,inf,0.522,0.16145150025383226,0.2732987322569249,0.4195239542232744
bvic,General,inf,0.609,0.1574541461572725,0.263678235893007,0.40046506497731865
bvic,General,inf,0.696,0.15334031751212163,0.25425425905714427,0.3816377887410012
bvic,General,inf,0.7829999999999999,0.14951624602023833,0.24490660788312302,0.3639391841403721
bvic,General,inf,0.8699999999999999,0.1452459585019173,0.23609572656497102,0.34671792348842867
bvic,General,inf,0.957,0.14089474934750715,0.22712751224452943,0.32954701536249154
bvic,General,inf,1.044,0.13703643468768617,0.21848273480685554,0.31262927354948455
bvic,General,inf,1.131,0.13289441963096443,0.21009033577304492,0.2973363325932138
bvic,General,inf,1.218,0.12914539425082056,0.20182735495939141,0.2826073049364039
bvic,General,inf,1.305,0.12555614553530212,0.19380710284188662,0.26903455691849953
bvic,General,inf,1.392,0.12134623833714964,0.1860788701983621,0.25593783597730313
bvic,General,inf,1.4789999999999999,0.11760194572702246,0.17845254926641085,0.24403143869697486
bvic,General,inf,1.5659999999999998,0.11398131423464258,0.17115800242152035,0.23330279536754842
bvic,General,inf,1.6529999999999998,0.10982522668496597,0.16414999971243172,0.22270058421187272
bvic,General,inf,1.7399999999999998,0.1056999961027422,0.1574022138412534,0.21297385684346015
bvic,General,inf,1.827,0.10209733393895855,0.15078449863805699,0.2039241200017144
bvic,General,inf,1.914,0.09798260513803153,0.1442926439378992,0.19543786953304157
bvic,General,inf,2.001,0.09355571814449243,0.1381832116104883,0.18723915065777977
bvic,General,inf,2.088,0.0895700154780095,0.13237927085030565,0.17945737806047912
bvic,General,inf,2.175,0.08467665442298729,0.12673945804074027,0.17211404169855082
bvic,General,inf,2.262,0.0808524259950951,0.12125142190140636,0.16537123163589237
bvic,General,inf,2.3489999999999998,0.07650390924630979,0.11612457325806469,0.15870192862367136
bvic,General,inf,2.436,0.07196786479055857,0.11117965478871283,0.15257815098051924
bvic,General,inf,2.5229999999999997,0.06796662607722817,0.10646189449647292,0.14640615714107563
bvic,General,inf,2.61,0.06379540585239481,0.10190098550487259,0.14104152454204594
bvic,General,inf,2.6969999999999996,0.059832730615864825,0.09761030638897239,0.13582410883516027
bvic,General,inf,2.784,0.05583879304277373,0.09353277401769067,0.1310407650970011
bvic,General,inf,2.871,0.05211746159956718,0.089529191432411,0.1262843601606839
bvic,General,inf,2.9579999999999997,0.048711585994366285,0.08563698700300482,0.12163400675453011
bvic,General,inf,3.045,0.04515282006480681,0.08200772580959159,0.11740352843448214
bvic,General,inf,3.1319999999999997,0.041927601370634254,0.07847113061783073,0.11314911421594709
bvic,General,inf,3.219,0.03869669296819036,0.07507147631054512,0.1091488001689497
bvic,General,inf,3.3059999999999996,0.035785860306954125,0.07179817790465082,0.10530112217714957
bvic,General,inf,3.393,0.03290170776385089,0.06868673185597429,0.10174714628448947
bvic,General,inf,3.4799999999999995,0.030474623142392243,0.06575356071795324,0.09822648362068219
bvic,General,inf,3.5669999999999997,0.028140083073567832,0.06285366867736986,0.09477664147056823
bvic,General,inf,3.654,0.025908153158986116,0.06009083004460147,0.09158334407387939
bvic,General,inf,3.7409999999999997,0.02386801055801966,0.05747945579639813,0.08864435511568694
bvic,General,inf,3.828,0.021949178670696366,0.05501387534567048,0.08595177748213645
bvic,General,inf,3.9149999999999996,0.02017464570547365,0.05265168995028713,0.08346829689861236
bvic,General,inf,4.002,0.018529719418803305,0.050287492640402776,0.08093204779107953
bvic,General,inf,4.0889999999999995,0.01696950589964825,0.048027543786500426,0.07825225029026033
bvic,General,inf,4.176,0.01557591386803885,0.0458803160719331,0.07585679932059222
bvic,General,inf,4.263,0.014296882737726734,0.043807040848172885,0.07341231107424324
bvic,General,inf,4.35,0.013098846405277698,0.04182013305399468,0.07117181082916407
bvic,General,inf,4.436999999999999,0.012065817348476848,0.039943020402304685,0.06904498701502118
bvic,General,inf,4.524,0.01109334853151216,0.038112797076943705,0.0670450477539124
bvic,General,inf,4.611,0.01018215363081796,0.03640026935683893,0.06487208854277283
bvic,General,inf,4.6979999999999995,0.00935907958138491,0.03478395546461921,0.06292160773318184
bvic,General,inf,4.784999999999999,0.008624783945650916,0.033221807563245775,0.061035806261832526
bvic,General,inf,4.872,0.007931542241402134,0.03166776738107935,0.05932330660289641
bvic,General,inf,4.959,0.007301936027355096,0.03021674909421379,0.057498357473437386
bvic,General,inf,5.045999999999999,0.006725892160378511,0.028833811588456548,0.055763743111682265
bvic,General,inf,5.133,0.006182027659650013,0.027517222171910327,0.054149792391604515
bvic,General,inf,5.22,0.005688117919328728,0.026221573528199538,0.05259753957414934
bvic,General,inf,5.3069999999999995,0.005219315813441306,0.025018829979327473,0.05106104877041344
bvic,General,inf,5.393999999999999,0.004799394170440019,0.02383916841946032,0.049573023315651894
bvic,General,inf,5.481,0.004416468439185262,0.02270956625374343,0.048134862389075564
bvic,General,inf,5.568,0.004056758753385892,0.021645740482830633,0.04676183492608789
bvic,General,inf,5.654999999999999,0.003731482262574715,0.020621897268610523,0.04547492454544179
bvic,General,inf,5.742,0.0034374774606696695,0.019676500562813004,0.04420658565198336
bvic,General,inf,5.829,0.0031602932485429005,0.018749386461579975,0.042957270023354956
bvic,General,inf,5.9159999999999995,0.002911116810887582,0.017859514096281837,0.04181832728777179
bvic,General,inf,6.002999999999999,0.0026692550414412876,0.017010964148173158,0.04071049511665116
bvic,General,inf,6.09,0.002453869782483498,0.016208151149765704,0.03955214313077003
bvic,General,inf,6.177,0.0022557679432799516,0.015469149760259482,0.03839963209281587
bvic,General,inf,6.263999999999999,0.0020726838638830845,0.01472897617586899,0.037336596171590075
bvic,General,inf,6.351,0.0018980552923627547,0.014055138005626522,0.03638731140841254
bvic,General,inf,6.438,0.0017400740650234114,0.013400610473052299,0.035343547229979365
bvic,General,inf,6.5249999999999995,0.0016014221556429399,0.012768580619656356,0.03437693707076084
bvic,General,inf,6.611999999999999,0.0014704494893215572,0.012175583073560037,0.033387804294210344
bvic,General,inf,6.699,0.0013520451256436418,0.011608850780784552,0.032464736016900426
bvic,General,inf,6.786,0.0012390038792367442,0.011063110369357698,0.03156634990786991
bvic,General,inf,6.872999999999999,0.0011359466987613143,0.0105473266069801,0.030724522230106875
bvic,General,inf,6.959999999999999,0.0010405220194459998,0.010066455137426211,0.02992409369080523
bvic,General,inf,7.047,9.551933134662517e-4,0.00958274551918925,0.029145786747591648
bvic,General,inf,7.1339999999999995,8.770423386859072e-4,0.009129630441241932,0.028419111969696154
bvic,General,inf,7.220999999999999,8.081702226531151e-4,0.008694863120784602,0.027621455459873843
bvic,General,inf,7.308,7.42203634375982e-4,0.0083009664041791,0.026838606965201746
bvic,General,inf,7.395,6.805203837195741e-4,0.007894537514174127,0.02611175725371885
bvic,General,inf,7.481999999999999,6.241519604489155e-4,0.0075343668679555,0.02539546343830603
bvic,General,inf,7.568999999999999,5.73062699349003e-4,0.0071852659427475984,0.024692003531109247
bvic,General,inf,7.656,5.248003019965087e-4,0.00684869750444439,0.024030154067373917
bvic,General,inf,7.742999999999999,4.8077412389293535e-4,0.006524556776056345,0.02335939497558645
bvic,General,inf,7.829999999999999,4.416051862615512e-4,0.006215053978989915,0.022726742807967333
bvic,General,inf,7.917,4.0471492741855913e-4,0.005922971166451574,0.022120253378691022
bvic,General,inf,8.004,3.7130010227368613e-4,0.005643262913945013,0.021546692228056694
bvic,General,inf,8.091,3.4094210817687827e-4,0.005369876779010463,0.020993034676070874
bvic,General,inf,8.177999999999999,3.133804136415286e-4,0.0051194341865949955,0.020413869891801224
bvic,General,inf,8.264999999999999,2.8827395893622494e-4,0.004880423604706197,0.01985181837824121
bvic,General,inf,8.352,2.6488528330816943e-4,0.0046496786467883355,0.019293544980488166
bvic,General,inf,8.439,2.4363504683191375e-4,0.004428769764670548,0.01877370025607931
bvic,General,inf,8.526,2.2435131761311405e-4,0.0042222370314312085,0.018240991432003237
bvic,General,inf,8.613,2.0586730545539835e-4,0.004026430567915962,0.0177211958123608
bvic,General,inf,8.7,1.888786929707731e-4,0.003838913224249896,0.017222894376329966
bvic,General,prot,0,0.45922980380587675,0.6647801397801069,0.8125571729014225
bvic,General,prot,0.087,0.48065954923976983,0.6755815221255496,0.8169473772577364
bvic,General,prot,0.174,0.5022002618395602,0.6864153518313918,0.8212192565242069
bvic,General,prot,0.261,0.5219728724274209,0.6969047891630945,0.8258134247798226
bvic,General,prot,0.348,0.5421705475459134,0.707003558320548,0.8298181365871804
bvic,General,prot,0.43499999999999994,0.561152996930055,0.717053765498466,0.8339073400894161
bvic,General,prot,0.522,0.5804760457767255,0.7267012677430751,0.8385484997461677
bvic,General,prot,0.609,0.5995349350226813,0.736321764106993,0.8425458538427275
bvic,General,prot,0.696,0.6183622112589988,0.7457457409428557,0.8466596824878784
bvic,General,prot,0.7829999999999999,0.6360608158596278,0.755093392116877,0.8504837539797616
bvic,General,prot,0.8699999999999999,0.6532820765115712,0.763904273435029,0.8547540414980828
bvic,General,prot,0.957,0.6704529846375085,0.7728724877554706,0.8591052506524928
bvic,General,prot,1.044,0.6873707264505153,0.7815172651931445,0.8629635653123138
bvic,General,prot,1.131,0.7026636674067862,0.7899096642269551,0.8671055803690356
bvic,General,prot,1.218,0.717392695063596,0.7981726450406086,0.8708546057491794
bvic,General,prot,1.305,0.7309654430815005,0.8061928971581134,0.8744438544646979
bvic,General,prot,1.392,0.7440621640226968,0.8139211298016379,0.8786537616628503
bvic,General,prot,1.4789999999999999,0.7559685613030251,0.8215474507335891,0.8823980542729776
bvic,General,prot,1.5659999999999998,0.7666972046324516,0.82884199757847965,0.8860186857653574
bvic,General,prot,1.6529999999999998,0.7772994157881272,0.8358500002875683,0.890174773315034
bvic,General,prot,1.7399999999999998,0.7870261431565398,0.8425977861587466,0.8943000038972577
bvic,General,prot,1.827,0.7960758799982856,0.849215501361943,0.8979026660610414
bvic,General,prot,1.914,0.8045621304669583,0.8557073560621008,0.9020173948619685
bvic,General,prot,2.001,0.8127608493422203,0.8618167883895117,0.9064442818555076
bvic,General,prot,2.088,0.8205426219395209,0.8676207291496943,0.9104299845219905
bvic,General,prot,2.175,0.8278859583014492,0.8732605419592597,0.9153233455770127
bvic,General,prot,2.262,0.8346287683641076,0.8787485780985936,0.9191475740049049
bvic,General,prot,2.3489999999999998,0.8412980713763285,0.8838754267419353,0.9234960907536902
bvic,General,prot,2.436,0.8474218490194807,0.8888203452112872,0.9280321352094414
bvic,General,prot,2.5229999999999997,0.8535938428589245,0.8935381055035271,0.9320333739227717
bvic,General,prot,2.61,0.858958475457954,0.8980990144951274,0.9362045941476052
bvic,General,prot,2.6969999999999996,0.8641758911648396,0.9023896936110276,0.9401672693841352
bvic,General,prot,2.784,0.8689592349029989,0.9064672259823093,0.9441612069572263
bvic,General,prot,2.871,0.8737156398393162,0.910470808567589,0.9478825384004328
bvic,General,prot,2.9579999999999997,0.8783659932454699,0.9143630129969952,0.9512884140056337
bvic,General,prot,3.045,0.8825964715655179,0.9179922741904084,0.9548471799351932
bvic,General,prot,3.1319999999999997,0.8868508857840529,0.9215288693821693,0.9580723986293658
bvic,General,prot,3.219,0.8908511998310503,0.9249285236894549,0.9613033070318096
bvic,General,prot,3.3059999999999996,0.8946988778228504,0.9282018220953492,0.9642141396930459
bvic,General,prot,3.393,0.8982528537155106,0.9313132681440257,0.9670982922361492
bvic,General,prot,3.4799999999999995,0.9017735163793178,0.9342464392820468,0.9695253768576078
bvic,General,prot,3.5669999999999997,0.9052233585294316,0.9371463313226301,0.9718599169264321
bvic,General,prot,3.654,0.9084166559261206,0.9399091699553985,0.9740918468410138
bvic,General,prot,3.7409999999999997,0.911355644884313,0.9425205442036019,0.9761319894419803
bvic,General,prot,3.828,0.9140482225178636,0.9449861246543295,0.9780508213293035
bvic,General,prot,3.9149999999999996,0.9165317031013878,0.9473483100497129,0.9798253542945263
bvic,General,prot,4.002,0.9190679522089205,0.9497125073595972,0.9814702805811967
bvic,General,prot,4.0889999999999995,0.9217477497097397,0.9519724562134996,0.9830304941003517
bvic,General,prot,4.176,0.9241432006794078,0.9541196839280669,0.9844240861319612
bvic,General,prot,4.263,0.9265876889257567,0.9561929591518271,0.9857031172622732
bvic,General,prot,4.35,0.928828189170836,0.9581798669460053,0.9869011535947223
bvic,General,prot,4.436999999999999,0.9309550129849788,0.9600569795976953,0.9879341826515231
bvic,General,prot,4.524,0.9329549522460876,0.9618872029230563,0.9889066514684879
bvic,General,prot,4.611,0.9351279114572271,0.9635997306431611,0.989817846369182
bvic,General,prot,4.6979999999999995,0.9370783922668182,0.9652160445353808,0.9906409204186151
bvic,General,prot,4.784999999999999,0.9389641937381674,0.9667781924367542,0.9913752160543491
bvic,General,prot,4.872,0.9406766933971036,0.9683322326189207,0.9920684577585979
bvic,General,prot,4.959,0.9425016425265625,0.9697832509057862,0.9926980639726448
bvic,General,prot,5.045999999999999,0.9442362568883178,0.9711661884115435,0.9932741078396214
bvic,General,prot,5.133,0.9458502076083954,0.9724827778280897,0.99381797234035
bvic,General,prot,5.22,0.9474024604258506,0.9737784264718005,0.9943118820806713
bvic,General,prot,5.3069999999999995,0.9489389512295865,0.9749811700206725,0.9947806841865587
bvic,General,prot,5.393999999999999,0.9504269766843481,0.9761608315805397,0.9952006058295599
bvic,General,prot,5.481,0.9518651376109244,0.9772904337462566,0.9955835315608148
bvic,General,prot,5.568,0.9532381650739121,0.9783542595171694,0.9959432412466142
bvic,General,prot,5.654999999999999,0.9545250754545582,0.9793781027313895,0.9962685177374253
bvic,General,prot,5.742,0.9557934143480167,0.980323499437187,0.9965625225393304
bvic,General,prot,5.829,0.9570427299766451,0.98125061353842,0.99683970675145706
bvic,General,prot,5.9159999999999995,0.9581816727122282,0.9821404859037182,0.9970888831891125
bvic,General,prot,6.002999999999999,0.9592895048833487,0.9829890358518268,0.9973307449585587
bvic,General,prot,6.09,0.96044785686923,0.9837918488502343,0.9975461302175165
bvic,General,prot,6.177,0.9616003679071841,0.9845308502397405,0.99774423205672
bvic,General,prot,6.263999999999999,0.9626634038284099,0.985271023824131,0.9979273161361168
bvic,General,prot,6.351,0.9636126885915874,0.9859448619943735,0.9981019447076372
bvic,General,prot,6.438,0.9646564527700207,0.9865993895269477,0.9982599259349767
bvic,General,prot,6.5249999999999995,0.9656230629292392,0.9872314193803436,0.998398577844357
bvic,General,prot,6.611999999999999,0.9666121957057896,0.98782441692644,0.9985295505106784
bvic,General,prot,6.699,0.9675352639830996,0.9883911492192154,0.9986479548743563
bvic,General,prot,6.786,0.9684336500921301,0.9889368896306423,0.9987609961207633
bvic,General,prot,6.872999999999999,0.9692754777698931,0.9894526733930199,0.9988640533012387
bvic,General,prot,6.959999999999999,0.9700759063091947,0.9899335448625738,0.998959477980554
bvic,General,prot,7.047,0.9708542132524083,0.9904172544808107,0.9990448066865338
bvic,General,prot,7.1339999999999995,0.9715808880303038,0.9908703695587581,0.9991229576613141
bvic,General,prot,7.220999999999999,0.9723785445401262,0.9913051368792154,0.9991918297773468
bvic,General,prot,7.308,0.9731613930347982,0.9916990335958209,0.999257796365624
bvic,General,prot,7.395,0.9738882427462812,0.9921054624858259,0.9993194796162804
bvic,General,prot,7.481999999999999,0.974604536561694,0.9924656331320445,0.999375848039551
bvic,General,prot,7.568999999999999,0.9753079964688908,0.9928147340572524,0.999426937300651
bvic,General,prot,7.656,0.975969845932626,0.9931513024955556,0.9994751996980036
bvic,General,prot,7.742999999999999,0.9766406050244136,0.9934754432239437,0.9995192258761071
bvic,General,prot,7.829999999999999,0.9772732571920326,0.9937849460210101,0.9995583948137384
bvic,General,prot,7.917,0.9778797466213089,0.9940770288335484,0.9995952850725814
bvic,General,prot,8.004,0.9784533077719433,0.994356737086055,0.9996286998977264
bvic,General,prot,8.091,0.9790069653239292,0.9946301232209895,0.9996590578918232
bvic,General,prot,8.177999999999999,0.9795861301081987,0.994880565813405,0.9996866195863585
bvic,General,prot,8.264999999999999,0.9801481816217588,0.9951195763952938,0.9997117260410637
bvic,General,prot,8.352,0.9807064550195119,0.9953503213532117,0.9997351147166917
bvic,General,prot,8.439,0.9812262997439207,0.9955712302353295,0.999756364953168
bvic,General,prot,8.526,0.9817590085679968,0.9957777629685688,0.9997756486823868
bvic,General,prot,8.613,0.9822788041876391,0.995973569432084,0.9997941326945445
bvic,General,prot,8.7,0.98277710562367,0.9961610867757501,0.9998111213070293
h1pdm,General,inf,0,0.07365250805214704,0.19356850442712947,0.3992168962281614
h1pdm,General,inf,0.087,0.07190150841729381,0.18568670235151752,0.379341840119633
h1pdm,General,inf,0.174,0.07024159573963418,0.17821299552732395,0.35921192267344654
h1pdm,General,inf,0.261,0.06842487721953447,0.17099087387720024,0.3394962838112734
h1pdm,General,inf,0.348,0.06679356299156769,0.16375226569459855,0.3206755596389439
h1pdm,General,inf,0.43499999999999994,0.06529041556206447,0.15698004730545367,0.3015261164820304
h1pdm,General,inf,0.522,0.06346812579352176,0.15030138186868003,0.283895062514613
h1pdm,General,inf,0.609,0.06193314779374798,0.14362309310103805,0.2664522120329891
h1pdm,General,inf,0.696,0.0603780350855585,0.1373675342817008,0.25002648690441975
h1pdm,General,inf,0.7829999999999999,0.05890978649868869,0.13123833049175704,0.23536056636147848
h1pdm,General,inf,0.8699999999999999,0.05762104463714715,0.12545922762322448,0.22101939833375545
h1pdm,General,inf,0.957,0.05610207230221645,0.11993775136846796,0.2082917298337587
h1pdm,General,inf,1.044,0.05442139822544223,0.11438670256871986,0.1950630802911731
h1pdm,General,inf,1.131,0.05289101361471962,0.10924466320792126,0.1835152122812421
h1pdm,General,inf,1.218,0.051146503276544686,0.1042455804722493,0.17228376690631242
h1pdm,General,inf,1.305,0.049506674912643656,0.0995198259824549,0.16151848002343944
h1pdm,General,inf,1.392,0.04773951819998762,0.09482781511900529,0.15239314604886461
h1pdm,General,inf,1.4789999999999999,0.04630548279594088,0.09059277842229896,0.14396168848918584
h1pdm,General,inf,1.5659999999999998,0.0447848916766434,0.08626765875912645,0.13621095699109553
h1pdm,General,inf,1.6529999999999998,0.04322282316959117,0.08215484783907934,0.12845217397549002
h1pdm,General,inf,1.7399999999999998,0.04170279616345296,0.07837540678131638,0.12122191547519795
h1pdm,General,inf,1.827,0.040107905230413105,0.07463219920435538,0.11487676989542411
h1pdm,General,inf,1.914,0.03855313631954266,0.07101177716306428,0.1092562579855832
h1pdm,General,inf,2.001,0.03703044621573848,0.06761161949903172,0.1041337273268913
h1pdm,General,inf,2.088,0.03531100296983117,0.0642928992457682,0.09923079468878124
h1pdm,General,inf,2.175,0.033767662912558116,0.06110540559079802,0.09466530946128604
h1pdm,General,inf,2.262,0.03211645568519808,0.05808712703144381,0.09054780528539502
h1pdm,General,inf,2.3489999999999998,0.03041344650066022,0.055340541264785936,0.08623616788073674
h1pdm,General,inf,2.436,0.02877719602774173,0.05268569613473184,0.08248035207108412
h1pdm,General,inf,2.5229999999999997,0.0272413422938918,0.05022102777020998,0.07886492895010683
h1pdm,General,inf,2.61,0.025586585433581388,0.04790471117499884,0.0754969697190134
h1pdm,General,inf,2.6969999999999996,0.02405705674227948,0.045599872009932096,0.07222082580089806
h1pdm,General,inf,2.784,0.022437296242799526,0.04347764878879001,0.06923911786230497
h1pdm,General,inf,2.871,0.020956662848648416,0.04143742204303391,0.06657867894940162
h1pdm,General,inf,2.9579999999999997,0.01947813488691791,0.039547499763715965,0.06392490336569334
h1pdm,General,inf,3.045,0.018027526600417842,0.03767302080095081,0.06154716406830413
h1pdm,General,inf,3.1319999999999997,0.016658547104303867,0.03593176634130668,0.05938543725042186
h1pdm,General,inf,3.219,0.015377119527229005,0.03426513956348909,0.05727517923952519
h1pdm,General,inf,3.3059999999999996,0.014242464687670348,0.03267309895893533,0.055249927750999045
h1pdm,General,inf,3.393,0.013099271364570425,0.031153627040140797,0.05337394930203623
h1pdm,General,inf,3.4799999999999995,0.012039336417804997,0.02965990338607538,0.05172132257213358
h1pdm,General,inf,3.5669999999999997,0.011065352345486612,0.02821405103032193,0.049974023776463705
h1pdm,General,inf,3.654,0.010159033266202822,0.0269054568007856,0.048433211115517905
h1pdm,General,inf,3.7409999999999997,0.009301450539129674,0.025684685271107455,0.04694128163761782
h1pdm,General,inf,3.828,0.008501264101805656,0.024474187941700642,0.045491919511901985
h1pdm,General,inf,3.9149999999999996,0.0077736779175162085,0.02337934149668719,0.0442236598486839
h1pdm,General,inf,4.002,0.007102046587733779,0.02228549897270482,0.0427755061375279
h1pdm,General,inf,4.0889999999999995,0.006484646777837139,0.021229787754130314,0.041419264083882856
h1pdm,General,inf,4.176,0.005939570051076176,0.020236326271634963,0.04004817665904753
h1pdm,General,inf,4.263,0.005439820344040641,0.019274085332717905,0.03888477359512968
h1pdm,General,inf,4.35,0.004968685146580776,0.018361934680804493,0.037831526791694214
h1pdm,General,inf,4.436999999999999,0.00452384901946476,0.017449160697348143,0.03677874794932054
h1pdm,General,inf,4.524,0.004122200719889418,0.016610611609217396,0.03581552944102517
h1pdm,General,inf,4.611,0.0037843169314579483,0.01581687247329644,0.034809458991848924
h1pdm,General,inf,4.6979999999999995,0.003459830004095027,0.015071223764061892,0.03391098773345108
h1pdm,General,inf,4.784999999999999,0.0031593461850026316,0.014357241616934746,0.03297709462372275
h1pdm,General,inf,4.872,0.002889343772467662,0.013687598725394712,0.03220204096310225
h1pdm,General,inf,4.959,0.0026321818188983492,0.013059806316616074,0.03134793206013248
h1pdm,General,inf,5.045999999999999,0.0023959507053286644,0.012428694779450189,0.03055690074623213
h1pdm,General,inf,5.133,0.002185921471062696,0.011845190092748759,0.029814472850360846
h1pdm,General,inf,5.22,0.0019936824875492754,0.01128025305463487,0.02903060340546043
h1pdm,General,inf,5.3069999999999995,0.001823515244539553,0.010730352411914335,0.02834934609338366
h1pdm,General,inf,5.393999999999999,0.001661198749039805,0.01021840841016497,0.027613027062055984
h1pdm,General,inf,5.481,0.0015145645232615135,0.009709968979903283,0.02698266211184977
h1pdm,General,inf,5.568,0.0013809569050254877,0.009232744251392533,0.026335035546171115
h1pdm,General,inf,5.654999999999999,0.0012600253148473406,0.008779348738233717,0.025671279524369706
h1pdm,General,inf,5.742,0.0011513427636661577,0.008347219787864235,0.025037212838126904
h1pdm,General,inf,5.829,0.0010509315740947767,0.007946573262208823,0.024371704669018057
h1pdm,General,inf,5.9159999999999995,9.558752441765905e-4,0.007557489713247545,0.023874963659587772
h1pdm,General,inf,6.002999999999999,8.734941811001373e-4,0.007168175631194762,0.023330594073618677
h1pdm,General,inf,6.09,7.972323836923922e-4,0.006812605095591118,0.022814425268413874
h1pdm,General,inf,6.177,7.259741085179627e-4,0.006474531980064424,0.022238873446788654
h1pdm,General,inf,6.263999999999999,6.621139078678284e-4,0.00616015420559457,0.021748647390995635
h1pdm,General,inf,6.351,6.045008205076141e-4,0.005851730463233729,0.021198769626053438
h1pdm,General,inf,6.438,5.50316051214389e-4,0.005574499104384567,0.020662518459670487
h1pdm,General,inf,6.5249999999999995,5.011497641713158e-4,0.00530004889797786,0.02018377322874712
h1pdm,General,inf,6.611999999999999,4.5684118675476393e-4,0.005040590108572829,0.019702020097858347
h1pdm,General,inf,6.699,4.1768563687474836e-4,0.004798282847657154,0.019247606838516118
h1pdm,General,inf,6.786,3.804761912905019e-4,0.004562799948060858,0.018828273433743492
h1pdm,General,inf,6.872999999999999,3.461983438873828e-4,0.00434514294353916,0.01837986935548072
h1pdm,General,inf,6.959999999999999,3.144974043995108e-4,0.004129538148864298,0.017999594758852905
h1pdm,General,inf,7.047,2.862511134456014e-4,0.0039265908964404295,0.01753883402188902
h1pdm,General,inf,7.1339999999999995,2.608773832747935e-4,0.003736197473643732,0.017143695855847185
h1pdm,General,inf,7.220999999999999,2.3778995694639926e-4,0.0035525259404094456,0.016691442908821158
h1pdm,General,inf,7.308,2.1636513504807997e-4,0.0033778530889506664,0.016275826207162558
h1pdm,General,inf,7.395,1.9717496192300787e-4,0.003208649768437266,0.015902604944189658
h1pdm,General,inf,7.481999999999999,1.7970664714339613e-4,0.0030533649101853744,0.015524569614640688
h1pdm,General,inf,7.568999999999999,1.6364855890568797e-4,0.002903551416074901,0.015220022991599469
h1pdm,General,inf,7.656,1.487117058866505e-4,0.002762684276124472,0.014883143119016978
h1pdm,General,inf,7.742999999999999,1.3554463048306986e-4,0.0026261028379941376,0.014543516407971108
h1pdm,General,inf,7.829999999999999,1.2364010051135743e-4,0.002495634529424251,0.014195058764079477
h1pdm,General,inf,7.917,1.1272476049412061e-4,0.002373274335858211,0.013853253671177845
h1pdm,General,inf,8.004,1.0275673563284182e-4,0.002256057053489302,0.013550966489788457
h1pdm,General,inf,8.091,9.376918005557511e-5,0.002144470167749657,0.013264822156850736
h1pdm,General,inf,8.177999999999999,8.550491163786256e-5,0.002039376402233284,0.012984338672170165
h1pdm,General,inf,8.264999999999999,7.804511643216827e-5,0.0019363461760848466,0.012722240602982438
h1pdm,General,inf,8.352,7.11518801847777e-5,0.0018396484975905514,0.012447152158997832
h1pdm,General,inf,8.439,6.473344348864596e-5,0.00175016778909598,0.012190341236293839
h1pdm,General,inf,8.526,5.902225731438393e-5,0.0016661390865254644,0.011981425436067367
h1pdm,General,inf,8.613,5.3749291881455274e-5,0.0015839105858141966,0.011690646927922016
h1pdm,General,inf,8.7,4.8945875061850996e-5,0.001506289578175668,0.011439078445817707
h1pdm,General,prot,0,0.6007831037718385,0.8064314955728705,0.9263474919478529
h1pdm,General,prot,0.087,0.620658159880367,0.8143132976484825,0.9280984915827062
h1pdm,General,prot,0.174,0.6407880773265535,0.821787004472676,0.9297584042603658
h1pdm,General,prot,0.261,0.6605037161887266,0.8290091261227998,0.9315751227804655
h1pdm,General,prot,0.348,0.6793244403610561,0.8362477343054014,0.9332064370084323
h1pdm,General,prot,0.43499999999999994,0.6984738835179696,0.8430199526945463,0.9347095844379355
h1pdm,General,prot,0.522,0.716104937485387,0.84969861813132,0.9365318742064782
h1pdm,General,prot,0.609,0.7335477879670109,0.856376906898962,0.9380668522062521
h1pdm,General,prot,0.696,0.7499735130955802,0.8626324657182992,0.9396219649144415
h1pdm,General,prot,0.7829999999999999,0.7646394336385215,0.868761669508243,0.9410902135013113
h1pdm,General,prot,0.8699999999999999,0.7789806016662446,0.8745407723767755,0.9423789553628528
h1pdm,General,prot,0.957,0.7917082701662413,0.880062248631532,0.9438979276977836
h1pdm,General,prot,1.044,0.8049369197088269,0.8856132974312801,0.9455786017745578
h1pdm,General,prot,1.131,0.816484787718758,0.8907553367920787,0.9471089863852804
h1pdm,General,prot,1.218,0.8277162330936876,0.8957544195277507,0.9488534967234553
h1pdm,General,prot,1.305,0.8384815199765605,0.9004801740175451,0.9504933250873564
h1pdm,General,prot,1.392,0.8476068539511354,0.9051721848809947,0.9522604818000124
h1pdm,General,prot,1.4789999999999999,0.8560383115108142,0.909407221577701,0.9536945172040591
h1pdm,General,prot,1.5659999999999998,0.8637890430089045,0.9137323412408735,0.9552151083233565
h1pdm,General,prot,1.6529999999999998,0.87154782602451,0.9178451521609207,0.9567771768304089
h1pdm,General,prot,1.7399999999999998,0.878778084524802,0.9216245932186836,0.958297203836547
h1pdm,General,prot,1.827,0.8851232301045758,0.9253678007956446,0.9598920947695868
h1pdm,General,prot,1.914,0.8907437420144169,0.9289882228369357,0.9614468636804574
h1pdm,General,prot,2.001,0.8958662726731087,0.9323883805009683,0.9629695537842615
h1pdm,General,prot,2.088,0.9007692053112188,0.9357071007542318,0.9646889970301689
h1pdm,General,prot,2.175,0.905334690538714,0.938894594409202,0.9662323370874418
h1pdm,General,prot,2.262,0.9094521947146049,0.9419128729685562,0.967883544314802
h1pdm,General,prot,2.3489999999999998,0.9137638321192633,0.9446594587352141,0.9695865534993398
h1pdm,General,prot,2.436,0.9175196479289158,0.9473143038652682,0.9712228039722582
h1pdm,General,prot,2.5229999999999997,0.9211350710498932,0.94977897222979,0.9727586577061083
h1pdm,General,prot,2.61,0.9245030302809866,0.9520952888250012,0.9744134145664186
h1pdm,General,prot,2.6969999999999996,0.9277791741991019,0.9544001279900679,0.9759429432577205
h1pdm,General,prot,2.784,0.930760882137695,0.95652235121121,0.9775627037572004
h1pdm,General,prot,2.871,0.9334213210505984,0.9585625779569661,0.9790433371513516
h1pdm,General,prot,2.9579999999999997,0.9360750966343067,0.960452500236284,0.980521865113082
h1pdm,General,prot,3.045,0.9384528359316959,0.9623269791990492,0.9819724733995822
h1pdm,General,prot,3.1319999999999997,0.9406145627495781,0.9640682336586933,0.9833414528956961
h1pdm,General,prot,3.219,0.9427248207604748,0.9657348604365109,0.984622880472771
h1pdm,General,prot,3.3059999999999996,0.9447500722490009,0.9673269010410647,0.9857575353123297
h1pdm,General,prot,3.393,0.9466260506979638,0.9688463729598592,0.9869007286354295
h1pdm,General,prot,3.4799999999999995,0.9482786774278664,0.9703400966139246,0.987960663582195
h1pdm,General,prot,3.5669999999999997,0.9500259762235364,0.9717859489696781,0.9889346476545133
h1pdm,General,prot,3.654,0.9515667888844821,0.9730945431992144,0.9898409667337972
h1pdm,General,prot,3.7409999999999997,0.9530587183623822,0.9743153147288925,0.9906985494608703
h1pdm,General,prot,3.828,0.954508080488098,0.9755258120582994,0.9914987358981944
h1pdm,General,prot,3.9149999999999996,0.9557763401513161,0.9766206585033128,0.9922263220824837
h1pdm,General,prot,4.002,0.9572244938624721,0.9777145010272952,0.9928979534122662
h1pdm,General,prot,4.0889999999999995,0.9585807359161171,0.9787702122458697,0.9935153532221628
h1pdm,General,prot,4.176,0.9599518233409525,0.979763673728365,0.9940604299489239
h1pdm,General,prot,4.263,0.9611152264048703,0.9807259146672821,0.9945601796559593
h1pdm,General,prot,4.35,0.9621684732083058,0.9816380653191955,0.9950313148534191
h1pdm,General,prot,4.436999999999999,0.9632212520506794,0.9825508393026519,0.9954761509805352
h1pdm,General,prot,4.524,0.9641844705589748,0.9833893883907826,0.9958777992801106
h1pdm,General,prot,4.611,0.9651905410081512,0.9841831275267036,0.996215683068542
h1pdm,General,prot,4.6979999999999995,0.9660890122665489,0.9849287762359381,0.996540169995905
h1pdm,General,prot,4.784999999999999,0.9670229053762772,0.9856427583830653,0.9968406538149973
h1pdm,General,prot,4.872,0.9677979590368978,0.9863124012746053,0.9971106562275323
h1pdm,General,prot,4.959,0.9686520679398676,0.9869401936833839,0.9973678181811017
h1pdm,General,prot,5.045999999999999,0.9694430992537678,0.9875713052205498,0.9976040492946713
h1pdm,General,prot,5.133,0.9701855271496392,0.9881548099072512,0.9978140785289373
h1pdm,General,prot,5.22,0.9709693965945395,0.9887197469453651,0.9980063175124507
h1pdm,General,prot,5.3069999999999995,0.9716506539066163,0.9892696475880857,0.9981764847554604
h1pdm,General,prot,5.393999999999999,0.9723869729379441,0.989781591589835,0.9983388012509602
h1pdm,General,prot,5.481,0.9730173378881503,0.9902900310200967,0.9984854354767385
h1pdm,General,prot,5.568,0.9736649644538289,0.9907672557486075,0.9986190430949746
h1pdm,General,prot,5.654999999999999,0.9743287204756302,0.9912206512617663,0.9987399746851526
h1pdm,General,prot,5.742,0.9749627871618731,0.9916527802121358,0.9988486572363339
h1pdm,General,prot,5.829,0.9756282953309819,0.9920534267377912,0.9989490684259053
h1pdm,General,prot,5.9159999999999995,0.9761250363404121,0.9924425102867525,0.9990441247558235
h1pdm,General,prot,6.002999999999999,0.9766694059263813,0.9928318243688052,0.9991265058188998
h1pdm,General,prot,6.09,0.9771855747315861,0.9931873949044089,0.9992027676163077
h1pdm,General,prot,6.177,0.9777611265532113,0.9935254680199356,0.9992740258914821
h1pdm,General,prot,6.263999999999999,0.9782513526090044,0.9938398457944054,0.9993378860921323
h1pdm,General,prot,6.351,0.9788012303739465,0.9941482695367663,0.9993954991794924
h1pdm,General,prot,6.438,0.9793374815403295,0.9944255008956154,0.9994496839487856
h1pdm,General,prot,6.5249999999999995,0.9798162267712528,0.9946999511020221,0.9994988502358287
h1pdm,General,prot,6.611999999999999,0.9802979799021417,0.9949594098914272,0.9995431588132452
h1pdm,General,prot,6.699,0.9807523931614839,0.9952017171523428,0.9995823143631253
h1pdm,General,prot,6.786,0.9811717265662565,0.9954372000519391,0.9996195238087096
h1pdm,General,prot,6.872999999999999,0.9816201306445194,0.9956548570564608,0.9996538016561126
h1pdm,General,prot,6.959999999999999,0.9820004052411471,0.9958704618511357,0.9996855025956005
h1pdm,General,prot,7.047,0.982461165978111,0.9960734091035596,0.9997137488865544
h1pdm,General,prot,7.1339999999999995,0.9828563041441529,0.9962638025263563,0.9997391226167253
h1pdm,General,prot,7.220999999999999,0.9833085570911788,0.9964474740595906,0.9997622100430535
h1pdm,General,prot,7.308,0.9837241737928375,0.9966221469110493,0.9997836348649518
h1pdm,General,prot,7.395,0.9840973950558103,0.9967913502315627,0.999802825038077
h1pdm,General,prot,7.481999999999999,0.9844754303853593,0.9969466350898146,0.9998202933528566
h1pdm,General,prot,7.568999999999999,0.9847799770084005,0.9970964485839251,0.9998363514410944
h1pdm,General,prot,7.656,0.9851168568809829,0.9972373157238755,0.9998512882941133
h1pdm,General,prot,7.742999999999999,0.9854564835920289,0.9973738971620059,0.999864455369517
h1pdm,General,prot,7.829999999999999,0.9858049412359206,0.9975043654705757,0.9998763598994886
h1pdm,General,prot,7.917,0.9861467463288222,0.9976267256641418,0.9998872752395058
h1pdm,General,prot,8.004,0.9864490335102116,0.9977439429465107,0.9998972432643671
h1pdm,General,prot,8.091,0.9867351778431492,0.9978555298322503,0.9999062308199445
h1pdm,General,prot,8.177999999999999,0.9870156613278299,0.9979606235977667,0.9999144950883622
h1pdm,General,prot,8.264999999999999,0.9872777593970176,0.9980636538239152,0.9999219548835678
h1pdm,General,prot,8.352,0.9875528478410022,0.9981603515024094,0.9999288481198152
h1pdm,General,prot,8.439,0.9878096587637061,0.998249832210904,0.9999352665565113
h1pdm,General,prot,8.526,0.9880185745639327,0.9983338609134745,0.9999409777426855
h1pdm,General,prot,8.613,0.9883093530720779,0.9984160894141858,0.9999462507081185
h1pdm,General,prot,8.7,0.9885609215541824,0.9984937104218243,0.9999510541249381
