virus,loghimid,loghr,loghr_se,loghr_rel,loghr_rel_low,loghr_rel_high,hr_rel,hr_rel_low,hr_rel_high,prot_rel,prot_rel_low,prot_rel_high
bvic,0,1.9167639811474975,0.5215448192924805,0.8453641865535662,-0.1768448755831462,1.8675732486902785,2.328825787188042,0.8379097547040335,6.472570007241014,-1.328825787188042,-5.472570007241014,0.1620902452959665
bvic,0.087,1.8710668569142743,0.509110790567601,0.799667062320343,-0.19817175133286902,1.7975058759735552,2.224800085393888,0.8202289656212648,6.03457769407056,-1.224800085393888,-5.03457769407056,0.1797710343787352
bvic,0.174,1.8253697326810514,0.4966767618427216,0.7539699380871201,-0.2194986270825917,1.727438503256832,2.1254210800994473,0.8029212600368494,5.626223880936692,-1.1254210800994473,-4.626223880936692,0.19707873996315062
bvic,0.261,1.7796726084478283,0.4842427331178421,0.708272813853897,-0.24082550283231463,1.6573711305401084,2.030481209250456,0.7859787654912441,5.24550296030246,-1.030481209250456,-4.24550296030246,0.21402123450875588
bvic,0.348,1.7339754842146053,0.47180870439296263,0.662575689620674,-0.2621523785820373,1.5873037578233853,1.9397821823270376,0.769393775642195,4.890545042079084,-0.9397821823270376,-3.8905450420790837,0.23060622435780498
bvic,0.43499999999999994,1.6882783599813822,0.4593746756680831,0.6168785653874509,-0.28347925433176,1.5172363851066617,1.8531345661959853,0.7531587467594847,4.559606769762494,-0.8531345661959853,-3.5596067697624942,0.2468412532405153
bvic,0.522,1.642581235748159,0.44694064694320357,0.5711814411542278,-0.30480613008148283,1.4471690123899383,1.7703573894625089,0.7372662942936454,4.251062758032723,-0.7703573894625089,-3.251062758032723,0.26273370570635457
bvic,0.609,1.5968841115149361,0.43450661821832415,0.5254843169210048,-0.32613300583120564,1.3771016396732154,1.6912777644950823,0.7217091895170756,3.9633976097623265,-0.6912777644950823,-2.9633976097623265,0.27829081048292437
bvic,0.696,1.5511869872817132,0.42207258949344467,0.4797871926877819,-0.3474598815809282,1.307034266956492,1.6157305263339647,0.7064803562360328,3.6951984732258327,-0.6157305263339647,-2.6951984732258327,0.2935196437639672
bvic,0.7829999999999999,1.50548986304849,0.40963856076856514,0.4340900684545588,-0.368786757330651,1.2369668942397687,1.543557887729222,0.691572867572005,3.445148102955369,-0.543557887729222,-2.445148102955369,0.308427132427995
bvic,0.8699999999999999,1.459792738815267,0.39720453204368567,0.38839294422133563,-0.39011363308037394,1.166899521523045,1.4746091095877645,0.6769799428110022,3.212018390161204,-0.4746091095877645,-2.212018390161204,0.32302005718899784
bvic,0.957,1.414095614582044,0.3847705033188062,0.3426958199881127,-0.41144050883009653,1.096832148806322,1.408740186141095,0.6626949443193282,2.9946643309422423,-0.4087401861410951,-1.9946643309422423,0.3373050556806718
bvic,1.044,1.3683984903488209,0.3723364745939267,0.2969986957548896,-0.43276738457981945,1.0267647760895986,1.3458135441762185,0.6487113745244331,2.7920184026616552,-0.34581354417621846,-1.7920184026616552,0.35128862547556694
bvic,1.131,1.3227013661155977,0.3599024458690472,0.25130157152166643,-0.45409426032954225,0.9566974033728751,1.2856977557015248,0.6350228729594752,2.6030853208675317,-0.2856977557015248,-1.6030853208675317,0.36497712704052476
bvic,1.218,1.2770042418823748,0.3474684171441677,0.20560444728844351,-0.47542113607926495,0.886630030656152,1.2282672634475245,0.6216232133702441,2.426937151007441,-0.22826726344752446,-1.426937151007441,0.37837678662975593
bvic,1.305,1.231307117649152,0.3350343884192883,0.1599073230552206,-0.49674801182898765,0.8165626579394288,1.1734021186291175,0.6085063008831297,2.262708750928357,-0.17340211862911747,-1.2627087509283572,0.39149369911687026
bvic,1.392,1.1856099934159288,0.32260035969440876,0.11421019882199746,-0.5180748875787105,0.7464952852227054,1.1209877304216906,0.5956661692328535,2.1095935217780455,-0.12098773042169064,-1.1095935217780455,0.40433383076714646
bvic,1.4789999999999999,1.1399128691827056,0.3101663309695292,0.06851307458877431,-0.5394017633284333,0.6764279125059819,1.0709146266278016,0.5830969780486943,1.9668394464386847,-0.07091462662780157,-0.9668394464386847,0.4169030219513057
bvic,1.5659999999999998,1.0942157449494827,0.2977323022446498,0.022815950355551395,-0.560728639078156,0.6063605397892587,1.0230782250345787,0.5707930101979795,1.8337453960357017,-0.02307822503457868,-0.8337453960357017,0.42920698980202054
bvic,1.6529999999999998,1.0485186207162596,0.28529827351977033,-0.022881173877671745,-0.5820555148278789,0.5362931670725354,0.9773786149842948,0.5587486691856304,1.7096576863814492,0.02262138501570521,-0.7096576863814492,0.4412513308143696
bvic,1.7399999999999998,1.0028214964830366,0.27286424479489085,-0.06857829811089466,-0.6033823905776016,0.46622579435581224,0.9337203487019106,0.5469584766085809,1.5939668674408836,0.06627965129808944,-0.5939668674408836,0.4530415233914191
bvic,1.827,0.9571243722498135,0.2604302160700113,-0.1142754223441178,-0.6247092663273243,0.39615842163908865,0.8920122419437492,0.5354170696639098,1.4861047300508723,0.10798775805625083,-0.4861047300508723,0.4645829303360902
bvic,1.914,0.9114272480165905,0.24799618734513185,-0.15997254657734084,-0.6460361420770471,0.3260910489223654,0.8521671835509455,0.5241191987095544,1.385541515191805,0.14783281644905455,-0.3855415151918049,0.47588080129044563
bvic,2.001,0.8657301237833674,0.23556215862025237,-0.20566967081056386,-0.6673630178267698,0.2560236762056421,0.8141019535098989,0.5130597248764963,1.2917833121049864,0.1858980464901011,-0.2917833121049864,0.4869402751235037
bvic,2.088,0.8200329995501443,0.22312812989537284,-0.251366795043787,-0.6886898935764927,0.18595630348891862,0.7777370491397376,0.5022336177313313,1.2043696324768187,0.22226295086026238,-0.20436963247681872,0.49776638226866865
bvic,2.175,0.7743358753169214,0.2106941011704934,-0.2970639192770099,-0.7100167693262154,0.11588893077219548,0.7429965190437685,0.4916359529881633,1.122871148775501,0.2570034809562315,-0.12287114877550098,0.5083640470118367
bvic,2.262,0.7286387510836982,0.19826007244561386,-0.34276104351023307,-0.7313436450759381,0.045821558055471945,0.7098078044781048,0.4812619102687775,1.0468875856322133,0.29019219552189524,-0.04688758563221329,0.5187380897312225
bvic,2.3489999999999998,0.6829416268504753,0.1858260437207344,-0.388458167743456,-0.7526705208256608,-0.02424581466125114,0.6781015878061576,0.4711067709100787,0.9760457539104218,0.3218984121938424,0.02395424608957819,0.5288932290899213
bvic,2.436,0.6372445026172522,0.1733920149958549,-0.4341552919766791,-0.7739973965753837,-0.09431318737797462,0.647811647722473,0.46116591581779304,0.9099977178077344,0.352188352277527,0.09000228219226558,0.538834084182207
bvic,2.5229999999999997,0.5915473783840293,0.16095798627097546,-0.47985241620990204,-0.7953242723251064,-0.16438056009469776,0.6188747209435376,0.4514348233654605,0.8484190859881403,0.38112527905646243,0.1515809140118597,0.5485651766345395
bvic,2.61,0.5458502541508061,0.14852395754609593,-0.5255495404431252,-0.8166511480748291,-0.23444793281142123,0.5912303700766799,0.4419090673377592,0.791007418351608,0.4087696299233201,0.20899258164839196,0.5580909326622407
bvic,2.6969999999999996,0.5001531299175832,0.1360899288212165,-0.5712466646763481,-0.8379780238245519,-0.3045153055281443,0.564820857391102,0.4325843149172294,0.7374807406159913,0.435179142608898,0.26251925938400866,0.5674156850827706
bvic,2.784,0.45445600568436006,0.12365590009633698,-0.6169437889095712,-0.8593048995742747,-0.3745826782448678,0.5395910242273984,0.42345632471347866,0.6875761594156802,0.46040897577260165,0.3124238405843198,0.5765436752865214
bvic,2.871,0.4087588814511369,0.11122187137145746,-0.6626409131427944,-0.8806317753239975,-0.44465005096159127,0.5154881757937002,0.41452094483397356,0.6410485711151406,0.4845118242062998,0.3589514288848594,0.5854790551660265
bvic,2.9579999999999997,0.363061757217914,0.09878784264657801,-0.7083380373760173,-0.9019586510737202,-0.5147174236783144,0.4924619711078288,0.40577411099553923,0.5976694579957421,0.5075380288921711,0.4023305420042579,0.5942258890044607
bvic,3.045,0.31736463298469086,0.0863538139216985,-0.7540351616092404,-0.923285526823443,-0.5847847963950379,0.4704643178555945,0.3972118446757083,0.557225765903415,0.5295356821444055,0.442774234096585,0.6027881553242918
bvic,3.1319999999999997,0.27166750875146795,0.07391978519681905,-0.7997322858424634,-0.9446124025731657,-0.654852169111761,0.44944927194564294,0.3888302513030791,0.5195188578447648,0.5505507280543571,0.4804811421552352,0.611169748696921
bvic,3.219,0.2259703845182448,0.06148575647193953,-0.8454294100756865,-0.9659392783228885,-0.7249195418284845,0.4293729415510578,0.3806255184858582,0.48436353839228447,0.5706270584489421,0.5156364616077156,0.6193744815141418
bvic,3.3059999999999996,0.18027326028502189,0.049051727747060084,-0.8911265343089094,-0.9872661540726112,-0.7949869145452076,0.4101933954373055,0.37259391427778327,0.451587144107089,0.5898066045626945,0.548412855892911,0.6274060857222168
bvic,3.393,0.13457613605179874,0.036617699022180566,-0.9368236585421326,-1.008593029822334,-0.8650542872619311,0.39187057538505266,0.3647317854806365,0.4210286955118279,0.6081294246149473,0.5789713044881721,0.6352682145193635
bvic,3.4799999999999995,0.08887901181857583,0.02418367029730112,-0.9825207827753555,-1.0299199055720567,-0.9351216599786543,0.3743662125249479,0.3570355559825773,0.39253810644874126,0.6256337874750522,0.6074618935512588,0.6429644440174227
bvic,3.5669999999999997,0.043181887585352685,0.011749641572421605,-1.0282179070085786,-1.0512467813217796,-1.0051890326953776,0.35764374740962046,0.3495017251315367,0.3659754469396601,0.6423562525903795,0.6340245530603399,0.6504982748684633
bvic,3.654,-0.0025152366478704605,6.843871524579105e-4,-1.0739150312418018,-1.0752564054121012,-1.0725736570715023,0.3416682536559639,0.34121025592753235,0.3421268661429369,0.6583317463440361,0.6578731338570631,0.6587897440724677
bvic,3.7409999999999997,-0.048212360881093375,0.013118415877337362,-1.1196121554750247,-1.1453237781288244,-1.093900532821225,0.326406364998221,0.3181209005240386,0.3349076245410074,0.673593635001779,0.6650923754589926,0.6818790994759614
bvic,3.828,-0.09390948511431652,0.025552444602216874,-1.1653092797082478,-1.2153911508455477,-1.115227408570948,0.311826205599515,0.2965939786162779,0.3278407166329926,0.688173794400485,0.6721592833670074,0.7034060213837221
bvic,3.9149999999999996,-0.13960660934753943,0.03798647332709632,-1.2110064039414707,-1.2854585235622709,-1.1365542843206706,0.2978973234762778,0.2765237618984606,0.3209229280155548,0.7021026765237222,0.6790770719844452,0.7234762381015394
bvic,4.002,-0.18530373358076258,0.05042050205197584,-1.2567035281746939,-1.3555258962789944,-1.1578811600703933,0.28459062689652304,0.257811676593086,0.31415111211269325,0.715409373103477,0.6858488878873068,0.742188323406914
bvic,4.0889999999999995,-0.2310008578139855,0.0628545307768553,-1.3024006524079168,-1.4255932689957176,-1.179208035820116,0.2718783236191296,0.24036581931119758,0.30752218874451537,0.7281216763808704,0.6924778112554846,0.7596341806888024
bvic,4.176,-0.27669798204720886,0.07528855950173487,-1.3480977766411402,-1.4956606417124414,-1.200534911569839,0.259733862847228,0.2241005056738872,0.30103314272620785,0.740266137152772,0.6989668572737922,0.7758994943261128
bvic,4.263,-0.3223951062804318,0.08772258822661431,-1.393794900874363,-1.5657280144291645,-1.2218617873195616,0.24813187977445658,0.2089358494781309,0.2946810224965716,0.7518681202255434,0.7053189775034284,0.7910641505218691
bvic,4.35,-0.3680922305136547,0.10015661695149378,-1.439492025107586,-1.6357953871458877,-1.2431886630692843,0.2370481426082655,0.1947973703400477,0.2884629387754949,0.7629518573917344,0.7115370612245051,0.8052026296599523
bvic,4.436999999999999,-0.4137893547468776,0.11259064567637322,-1.485189149340809,-1.7058627598626108,-1.264515538819007,0.2264595019596234,0.18161562788854707,0.28237606324975684,0.7735404980403766,0.7176239367502432,0.818384372111453
bvic,4.524,-0.459486478980101,0.1250246744012528,-1.5308862735740323,-1.7759301325793346,-1.28584241456873,0.21634384249342123,0.16932588071272364,0.2764176272865605,0.7836561575065788,0.7235823727134395,0.8306741192872764
bvic,4.611,-0.5051836032133239,0.13745870312613226,-1.5765833978072552,-1.8459975052960578,-1.3071692903184526,0.20668003673859225,0.1578677683879405,0.2705849206742126,0.7933199632614077,0.7294150793257874,0.8421322316120595
bvic,4.6979999999999995,-0.5508807274465468,0.1498927318510117,-1.6222805220404781,-1.916064878012781,-1.3284961660681753,0.19744790096147438,0.1471850150188866,0.26487529038937563,0.8025520990385256,0.7351247096106244,0.8528149849811134
bvic,4.784999999999999,-0.5965778516797697,0.16232676057589115,-1.667977646273701,-1.9861322507295038,-1.3498230418178983,0.18862815301025448,0.13722515284357908,0.25928613939033285,0.8113718469897455,0.7407138606096672,0.8627748471564209
bvic,4.872,-0.6422749759129931,0.17476078930077074,-1.7136747705069244,-2.056199623446228,-1.371149917567621,0.18020237204244763,0.1279392645408045,0.25381492543571654,0.8197976279575524,0.7461850745642835,0.8720607354591955
bvic,4.959,-0.687972100146216,0.1871948180256502,-1.7593718947401473,-2.126266996162951,-1.3924767933173436,0.17215296005129938,0.11928174297535768,0.24845915992816175,0.8278470399487006,0.7515408400718382,0.8807182570246423
bvic,5.045999999999999,-0.7336692243794389,0.19962884675052964,-1.8050690189733702,-2.196334368879674,-1.4138036690670663,0.1644631051107541,0.11121006720107743,0.24321640678236098,0.8355368948892459,0.756783593217639,0.8887899327989226
bvic,5.133,-0.7793663486126623,0.21206287547540922,-1.8507661432065936,-2.2664017415963977,-1.4351305448167893,0.15711674626222485,0.10368459362153336,0.2380842813170037,0.8428832537377752,0.7619157186829963,0.8963154063784666
bvic,5.22,-0.8250634728458852,0.22449690420028867,-1.8964632674398165,-2.336469114313121,-1.4564574205665122,0.15009853996982686,0.09666836128265884,0.23306044917009733,0.8499014600301731,0.7669395508299026,0.9033316387173411
bvic,5.3069999999999995,-0.8707605970791081,0.23693093292516812,-1.9421603916730394,-2.406536487029844,-1.4777842963162349,0.14339382807401246,0.09012691034103563,0.2281426252371759,0.8566061719259875,0.7718573747628241,0.9098730896589644
bvic,5.393999999999999,-0.916457721312331,0.24936496165004757,-1.9878575159062624,-2.476603859746567,-1.4991111720659576,0.13698860717667755,0.08402811281624802,0.2233285726319136,0.8630113928233225,0.7766714273680864,0.915971887183752
bvic,5.481,-0.9621548455455544,0.26179899037492715,-2.033554640139486,-2.546671232463291,-1.5204380478156807,0.130869499393796,0.07834201479605456,0.2186161016686707,0.869130500606204,0.7813838983313293,0.9216579852039455
bvic,5.568,-1.0078519697787773,0.2742330190998066,-2.0792517643727084,-2.616738605180014,-1.541764923565403,0.1250237244144975,0.07304068931937828,0.21400306886650922,0.8749762755855025,0.7859969311334908,0.9269593106806218
bvic,5.654999999999999,-1.0535490940120003,0.28666704782468605,-2.124948888605932,-2.6868059778967375,-1.563091799315126,0.11943907280822992,0.06809809921455598,0.2094873759742233,0.88056092719177,0.7905126240257767,0.931901900785444
bvic,5.742,-1.0992462182452236,0.2991010765495656,-2.170646012839155,-2.7568733506134615,-1.584418675064849,0.11410388052425856,0.06348996921918673,0.205066969015945,0.8858961194757414,0.794933030984055,0.9365100307808133
bvic,5.829,-1.1449433424784465,0.31153510527444506,-2.2163431370723776,-2.8269407233301838,-1.6057455508145713,0.10900700453023915,0.05919366675350115,0.2007398373568868,0.8909929954697609,0.7992601626431132,0.9408063332464989
bvic,5.9159999999999995,-1.1906404667116695,0.32396913399932453,-2.262040261305601,-2.897008096046908,-1.6270724265642942,0.1041377995389853,0.055188090761676765,0.1965040127887982,0.8958622004610147,0.8034959872112017,0.9448119092383233
bvic,6.002999999999999,-1.2363375909448924,0.33640316272420395,-2.3077373855388235,-2.96707546876363,-1.6483993023140167,0.09948609577482265,0.05145356807515107,0.1923575686347215,0.9005139042251773,0.8076424313652785,0.9485464319248489
bvic,6.09,-1.2820347151781157,0.34883719144908354,-2.353434509772047,-3.037142841480354,-1.6697261780637396,0.09504217773309034,0.04797175678892362,0.18829861887263635,0.9049578222669097,0.8117013811273637,0.9520282432110764
bvic,6.177,-1.3277318394113387,0.361271220173963,-2.39913163400527,-3.1072102141970777,-1.6910530538134627,0.0907967638884303,0.04472555617628825,0.18432531727759793,0.9092032361115697,0.8156746827224021,0.9552744438237117
bvic,6.263999999999999,-1.3734289636445616,0.3737052488988425,-2.4448287582384927,-3.1772775869138004,-1.712379929563185,0.08674098730948036,0.04169902269954374,0.18043585658197597,0.9132590126905197,0.8195641434180241,0.9583009773004563
bvic,6.351,-1.419126087877785,0.386139277623722,-2.490525882471716,-3.2473449596305244,-1.7337068053129079,0.08286637713948489,0.03887729170417584,0.1766284676534135,0.9171336228605151,0.8233715323465864,0.9611227082958241
bvic,6.438,-1.4648232121110079,0.3985733063486015,-2.5362230067049394,-3.317412332347248,-1.7550336810626308,0.07916484090414351,0.036246504411915584,0.17290141869013254,0.9208351590958564,0.8270985813098675,0.9637534955880844
bvic,6.5249999999999995,-1.5105203363442308,0.4110073350734809,-2.581920130938162,-3.3874797050639707,-1.7763605568123533,0.07562864760974532,0.03379373985410357,0.16925301443321886,0.9243713523902547,0.8307469855667812,0.9662062601458964
bvic,6.611999999999999,-1.5562174605774537,0.4234413637983604,-2.6276172551713852,-3.457547077780694,-1.7976874325620764,0.07225041159628809,0.03150695141105534,0.16568159539552832,0.9277495884037119,0.8343184046044717,0.9684930485889447
bvic,6.699,-1.601914584810677,0.43587539252324,-2.6733143794046086,-3.527614450497418,-1.8190143083117993,0.0690230771118587,0.029374907645744318,0.16218553710686487,0.9309769228881413,0.8378144628931351,0.9706250923542556
bvic,6.786,-1.6476117090439,0.44830942124811946,-2.719011503637831,-3.5976818232141405,-1.8403411840615216,0.06593990357605604,0.02738713714120989,0.15876324937508537,0.9340600964239439,0.8412367506249147,0.9726128628587901
bvic,6.872999999999999,-1.693308833277123,0.4607434499729989,-2.7647086278710544,-3.667749195930864,-1.8616680598112447,0.06299445150167801,0.02553387707076252,0.15541317556279582,0.937005548498322,0.8445868244372041,0.9744661229292375
bvic,6.959999999999999,-1.7390059575103458,0.4731774786978783,-2.810405752104277,-3.737816568647587,-1.882994935560967,0.06018056904526968,0.023806025248391843,0.15213379187931117,0.9398194309547303,0.8478662081206888,0.9761939747516082
bvic,7.047,-1.7847030817435692,0.4856115074227579,-2.8561028763375003,-3.8078839413643104,-1.90432181131069,0.057492379158440576,0.022195095423875055,0.14892360668755378,0.9425076208415595,0.8510763933124462,0.9778049045761249
bvic,7.1339999999999995,-1.830400205976792,0.49804553614763736,-2.9018000005707236,-3.8779513140810344,-1.925648687060413,0.0549242673131171,0.020693175603020794,0.14578115982557882,0.9450757326868829,0.8542188401744212,0.9793068243969792
bvic,7.220999999999999,-1.876097330210015,0.5104795648725168,-2.947497124803946,-3.9480186867977567,-1.9469755628101353,0.05247086977509195,0.019292889188340098,0.14270502194241522,0.947529130224908,0.8572949780575848,0.98070711081166
bvic,7.308,-1.9217944544432384,0.5229135935973963,-2.9931942490371695,-4.018086059514481,-1.9683024385598584,0.050127062401379256,0.01798735874928899,0.13969379384792072,0.9498729375986208,0.8603062061520793,0.982012641250711
bvic,7.395,-1.9674915786764613,0.5353476223222758,-3.038891373270393,-4.088153432231204,-1.9896293143095813,0.04788794993797806,0.01677017224414278,0.13674610587635713,0.9521120500620219,0.8632538941236428,0.9832298277558572
bvic,7.481999999999999,-2.013188702909684,0.5477816510471553,-3.0845884975036153,-4.158220804947927,-2.0109561900593036,0.04574885579569083,0.015635351527601784,0.13386061726339332,0.9542511442043091,0.8661393827366066,0.9843646484723982
bvic,7.568999999999999,-2.058885827142907,0.5602156797720348,-3.1302856217368387,-4.22828817766465,-2.0322830658090267,0.04370531228264315,0.014577322989455998,0.13103601553625469,0.9562946877173568,0.8689639844637453,0.985422677010544
bvic,7.656,-2.1045829513761305,0.5726497084969143,-3.175982745970062,-4.298355550381374,-2.05360994155875,0.041753051273104816,0.013590890180101761,0.1282710159167416,0.9582469487268952,0.8717289840832584,0.9864091098198983
bvic,7.742999999999999,-2.1502800756093534,0.5850837372217937,-3.2216798702032845,-4.368422923098097,-2.0749368173084717,0.03988799529312256,0.012671208288462285,0.12556436073684413,0.9601120047068774,0.8744356392631558,0.9873287917115378
bvic,7.829999999999999,-2.1959771998425763,0.5975177659466733,-3.267376994436508,-4.4384902958148205,-2.0962636930581953,0.03810624900434619,0.01181376034696155,0.1229148188666876,0.9618937509956538,0.8770851811333124,0.9881862396530384
bvic,7.917,-2.2416743240757997,0.6099517946715528,-3.3130741186697312,-4.5085576685315445,-2.117590568807918,0.03640409106826189,0.011014335046683844,0.12032118515455086,0.9635959089317381,0.8796788148454492,0.9889856649533162
bvic,8.004,-2.2873714483090226,0.6223858233964322,-3.3587712429029537,-4.578625041248268,-2.13891744455764,0.03477796637383949,0.010269006053759163,0.11778227987869837,0.9652220336261605,0.8822177201213016,0.9897309939462409
bvic,8.091,-2.3330685725422455,0.6348198521213116,-3.404468367136177,-4.648692413964991,-2.1602443203073634,0.03322447861236099,0.009574112725387957,0.11529694821078085,0.966775521387639,0.8847030517892192,0.990425887274612
bvic,8.177999999999999,-2.3787656967754685,0.6472538808461912,-3.4501654913693995,-4.718759786681714,-2.1815711960570856,0.031740383183922416,0.008926242130793214,0.1128640596905586,0.9682596168160775,0.8871359403094414,0.9910737578692068
bvic,8.264999999999999,-2.4244628210086914,0.6596879095710706,-3.495862615602623,-4.788827159398437,-2.2028980718068087,0.030322580420792715,0.008322212288796623,0.11048250771170774,0.9696774195792073,0.8895174922882922,0.9916777877112034
bvic,8.352,-2.470159945241915,0.6721219382959503,-3.5415597398358463,-4.858894532115161,-2.2242249475565314,0.028968109113477213,0.007759056539691117,0.10815120901847788,0.9710318908865228,0.8918487909815221,0.9922409434603089
bvic,8.439,-2.515857069475138,0.6845559670208297,-3.5872568640690696,-4.928961904831884,-2.245551823306255,0.02767414032596319,0.007234008974653154,0.10586910321296945,0.9723258596740368,0.8941308967870305,0.9927659910253468
bvic,8.526,-2.561554193708361,0.6969899957457092,-3.632953988302292,-4.999029277548607,-2.266878699055977,0.026437971487230854,0.006744490851131966,0.10363515227280946,0.9735620285127692,0.8963648477271905,0.9932555091488681
bvic,8.613,-2.607251317941584,0.7094240244705886,-3.6786511125355155,-5.0690966502653305,-2.2882055748057004,0.02525702074668885,0.006288097927495837,0.10144834007900291,0.9747429792533111,0.8985516599209971,0.9937119020725041
bvic,8.7,-2.652948442174807,0.7218580531954681,-3.724348236768738,-5.139164022982054,-2.3095324505554222,0.02412882158174564,0.005862588654730134,0.09930767195374957,0.9758711784182543,0.9006923280462504,0.9941374113452699
h1pdm,0,1.9857544088947312,0.7565014914547978,0.903026791326426,-0.5796888861758129,2.3857424688286653,2.46705909468107,0.5600725857869792,10.86712817428187,-1.46705909468107,-9.86712817428187,0.43992741421302084
h1pdm,0.087,1.93694026686512,0.7379050471593317,0.854212649296815,-0.5920546671458049,2.300479965739435,2.3495237529449917,0.5531894959634227,9.978970869717529,-1.3495237529449917,-8.978970869717529,0.4468105040365773
h1pdm,0.174,1.888126124835509,0.7193086028638656,0.8053985072672039,-0.6044204481157971,2.215217462650205,2.2375880162555863,0.5463909968281473,9.163401592551066,-1.2375880162555863,-8.163401592551066,0.4536090031718527
h1pdm,0.261,1.8393119828058977,0.7007121585683994,0.7565843652375925,-0.6167862290857895,2.1299549595609744,2.1309851088821192,0.5396760487921417,8.414487810679844,-1.1309851088821192,-7.414487810679844,0.4603239512078583
h1pdm,0.348,1.7904978407762868,0.6821157142729333,0.7077702232079817,-0.6291520100557813,2.0446924564717444,2.0294609647921167,0.5330436250425687,7.726781850708801,-1.0294609647921167,-6.726781850708801,0.46695637495743125
h1pdm,0.43499999999999994,1.7416836987466755,0.663519269977467,0.6589560811783703,-0.6415177910257734,1.9594299533825141,1.932773622137396,0.526492711385749,7.0952812710319,-0.9327736221373959,-6.0952812710319,0.47350728861425095
h1pdm,0.522,1.6928695567170644,0.644922825682001,0.6101419391487592,-0.6538835719957659,1.8741674502932844,1.8406926465879374,0.5200223060920781,6.5153924735739706,-0.8406926465879374,-5.5153924735739706,0.4799776939079219
h1pdm,0.609,1.644055414687453,0.6263263813865347,0.5613277971191479,-0.666249352965758,1.788904947204054,1.7529985821392018,0.5136314197428465,5.982897289501049,-0.7529985821392018,-4.982897289501049,0.48636858025715346
h1pdm,0.696,1.595241272657842,0.6077299370910686,0.5125136550895368,-0.67861513393575,1.7036424441148237,1.6694824280840321,0.5073190750789435,5.493922295840436,-0.6694824280840321,-4.493922295840436,0.49268092492105653
h1pdm,0.7829999999999999,1.546427130628231,0.5891334927956026,0.46369951305992574,-0.6909809149057424,1.618379941025594,1.5899451409025909,0.501084306851419,5.04491063981642,-0.5899451409025909,-4.04491063981642,0.498915693148581
h1pdm,0.8699999999999999,1.4976129885986198,0.5705370485001364,0.41488537103031464,-0.7033466958757346,1.533117437936364,1.5141971598832058,0.4949261616738853,4.632596165949143,-0.5141971598832058,-3.632596165949143,0.5050738383261146
h1pdm,0.957,1.4487988465690085,0.5519406042046703,0.3660712290007033,-0.7157124768457268,1.4478549348471335,1.4420579553435269,0.48884369787672827,4.253979657714538,-0.4420579553435269,-3.253979657714538,0.5111563021232717
h1pdm,1.044,1.3999847045393974,0.533344159909204,0.31725708697109223,-0.7280782578157188,1.3625924317579032,1.373355598375283,0.48283598536311345,3.906307020944801,-0.373355598375283,-2.906307020944801,0.5171640146368865
h1pdm,1.131,1.3511705625097863,0.514747715613738,0.26844294494148113,-0.7404440387857112,1.2773299286686735,1.3079263510872026,0.4769021054667604,3.587049250273265,-0.30792635108720257,-2.587049250273265,0.5230978945332396
h1pdm,1.218,1.302356420480175,0.49615127131827175,0.2196288029118698,-0.7528098197557033,1.192067425579443,1.2456142763695395,0.471041150811466,3.293884032897629,-0.24561427636953947,-2.293884032897629,0.528958849188534
h1pdm,1.305,1.2535422784505637,0.47755482702280555,0.1708146608822585,-0.7651756007256956,1.1068049224902126,1.1862708662501484,0.46525222517235254,3.024678855845486,-0.18627086625014844,-2.024678855845486,0.5347477748276475
h1pdm,1.392,1.2047281364209528,0.45895838272733946,0.12200051885264762,-0.7775413816956875,1.0215424194009828,1.1297546879563776,0.45953444333882276,2.777475493862688,-0.12975468795637757,-1.777475493862688,0.5404655566611772
h1pdm,1.4789999999999999,1.1559139943913417,0.4403619384318734,0.07318637682303653,-0.7899071626656798,0.9362799163117529,1.075931046839238,0.4538869309791975,2.5504757650879237,-0.07593104683923801,-1.5504757650879237,0.5461130690208025
h1pdm,1.5659999999999998,1.1070998523617304,0.4217654941364072,0.024372234793425207,-0.802272943635672,0.8510174132225224,1.0246716653565033,0.44830882450701875,2.342028450898878,-0.024671665356503336,-1.3420284508988778,0.5516911754929812
h1pdm,1.6529999999999998,1.0582857103321193,0.40316904984094104,-0.02444190723618589,-0.8146387246056641,0.7657549101332923,0.9758543773496579,0.44279927094899385,2.150617284783613,0.024145622650342147,-1.1506172847836131,0.5572007290510061
h1pdm,1.7399999999999998,1.0094715683025082,0.3845726055454749,-0.07325604926579699,-0.8270045055756563,0.6804924070440623,0.9293628368860649,0.4373574278145639,1.9748499228670309,0.07063716311393509,-0.9748499228670309,0.5626425721854361
h1pdm,1.827,0.9606574262728969,0.36597616125000876,-0.1220701912954083,-0.8393702865456486,0.595229903954832,0.8850862409724448,0.43198246296707477,1.8134478158629341,0.11491375902755518,-0.8134478158629341,0.5680175370329252
h1pdm,1.914,0.9118432842432858,0.3473797169545426,-0.1708843333250194,-0.8517360675156408,0.509967400865602,0.8429190654788048,0.42667355449653144,1.6652369087792562,0.1570809345211952,-0.6652369087792562,0.5733264455034686
h1pdm,2.001,0.8630291422136745,0.3287832726590765,-0.2196984753546306,-0.864101848485633,0.42470489777637177,0.802760813643449,0.4214298905939158,1.529139100725182,0.19723918635655102,-0.529139100725182,0.5785701094060842
h1pdm,2.088,0.8142150001840632,0.3101868283636103,-0.2685126173842419,-0.8764676294556253,0.33944239468714144,0.7645157765596847,0.41625066942704925,1.4041644026979578,0.23548422344031528,-0.40416440269795784,0.5837493305729508
h1pdm,2.175,0.7654008581544522,0.2915903840681442,-0.3173267594138529,-0.8888334104256174,0.25417989159791154,0.7280928050733928,0.4111350990179815,1.2894037363043434,0.2719071949266072,-0.28940373630434335,0.5888649009820185
h1pdm,2.262,0.716586716124841,0.272993939772678,-0.3661409014434641,-0.9011991913956094,0.1689173885086812,0.6934050925478263,0.40608239712188493,1.1840223210338887,0.30659490745217366,-0.18402232103388871,0.593917602878115
h1pdm,2.3489999999999998,0.6677725740952299,0.25439749547721185,-0.4149550434730752,-0.9135649723656016,0.08365488541945121,0.6603699679779053,0.4010917911074384,1.0872536019824122,0.33963003202209474,-0.08725360198241217,0.5989082088925616
h1pdm,2.436,0.6189584320656187,0.23580105118174569,-0.4637691855026864,-0.9259307533355938,-0.0016076176697790157,0.6289086989609342,0.39616251783868084,0.9983936738553215,0.37109130103906585,0.0016063261446784827,0.6038374821613192
h1pdm,2.5229999999999997,0.5701442900360076,0.2172046068862796,-0.5125833275322975,-0.938296534305586,-0.08687012075900896,0.5989463040541669,0.3912938235583164,0.9167961606904392,0.40105369594583307,0.08320383930956077,0.6087061764416837
h1pdm,2.61,0.5213301480063964,0.19860816259081343,-0.5613974695619087,-0.9506623152755782,-0.17213262384823924,0.57041137407201,0.3864849637724543,0.8418675140549113,0.42958862592798996,0.15813248594508866,0.6135150362275457
h1pdm,2.6969999999999996,0.4725160059767854,0.18001171829534732,-0.6102116115915197,-0.9630280962455703,-0.25739512693746913,0.543235901896964,0.3817352031367648,0.7730626955148283,0.456764098103036,0.2269373044851717,0.6182647968632352
h1pdm,2.784,0.42370186394717413,0.16141527399988112,-0.659025753621131,-0.9753938772155626,-0.3426576300266995,0.5173551203986916,0.37704381534403436,0.709881211971402,0.4826448796013084,0.29011878802859803,0.6229561846559657
h1pdm,2.871,0.3748877219175628,0.14281882970441495,-0.7078398956507423,-0.9877596581855548,-0.42792013311592986,0.4927073480749275,0.37241008301310297,0.6518634750243496,0.5072926519250724,0.3481365249756504,0.627589916986897
h1pdm,2.9579999999999997,0.3260735798879518,0.12422238540894885,-0.7566540376803533,-1.000125439155547,-0.5131826362051597,0.46923384204634583,0.36783329757916583,0.5985874578801212,0.5307661579536542,0.40141254211987876,0.6321667024208342
h1pdm,3.045,0.27725943785834056,0.10562594111348265,-0.8054681797099645,-1.0124912201255392,-0.59844513929439,0.4468786580550276,0.3633127591854238,0.5496656254869958,0.5531213419449724,0.4503343745130042,0.6366872408145763
h1pdm,3.1319999999999997,0.22844529582872952,0.08702949681801657,-0.8542823217395756,-1.0248570010955314,-0.6837076423836199,0.42558851713286705,0.358847776576065,0.5047421155665415,0.574411482867133,0.49525788443345853,0.6411522234239351
h1pdm,3.219,0.17963115379911826,0.06843305252255039,-0.903096463769187,-1.0372227820655235,-0.7689701454728504,0.40531267862214454,0.35443766699056195,0.46349015003597877,0.5946873213778554,0.5365098499640213,0.645562333009438
h1pdm,3.3059999999999996,0.13081701176950722,0.049836608227084286,-0.9519106057987979,-1.0495885630355157,-0.8542326485620801,0.38600281924563967,0.35008175605926745,0.4256096579918811,0.6139971807543603,0.5743903420081189,0.6499182439407325
h1pdm,3.393,0.08200286973989596,0.031240163931618097,-1.0007247478284091,-1.061954344005508,-0.9394951516513105,0.3676129179380704,0.3457793777002937,0.39082509296455276,0.6323870820619296,0.6091749070354473,0.6542206222997062
h1pdm,3.4799999999999995,0.03318872771028493,0.012643719636152004,-1.0495388898580202,-1.0743201249755001,-1.0247576547405404,0.3500991461643814,0.3415298740176588,0.3588834285655827,0.6499008538356186,0.6411165714344174,0.6584701259823412
h1pdm,3.5669999999999997,-0.01562541431932634,0.005952724659314185,-1.0983530318876316,-1.1100201578297708,-1.0866859059454923,0.3334197634634739,0.329552317948708,0.3373325952006848,0.6665802365365261,0.6626674047993152,0.670447682051292
h1pdm,3.654,-0.06443955634893761,0.024549168954780376,-1.1471671739172429,-1.1952826609190013,-1.0990516869154845,0.3175350179684301,0.30261840369572757,0.3331868994246325,0.6824649820315699,0.6668131005753675,0.6973815963042724
h1pdm,3.7409999999999997,-0.11325369837854864,0.04314561325024647,-1.1959813159468538,-1.280545164008231,-1.1114174678854765,0.302407051666141,0.27788576583340474,0.3290921527525569,0.697592948333859,0.6709078472474431,0.7221142341665953
h1pdm,3.828,-0.1620678404081599,0.06174205754571266,-1.244795457976465,-1.3658076670974613,-1.1237832488554689,0.28799981017054366,0.2551744966920795,0.32504772903836876,0.7120001898294563,0.6749522709616312,0.7448255033079205
h1pdm,3.9149999999999996,-0.21088198243777093,0.08033850184117876,-1.2936096000060762,-1.4510701701866913,-1.136149029825461,0.2742789567944325,0.23431939223937295,0.32105300983108886,0.7257210432055675,0.6789469901689111,0.7656806077606271
h1pdm,4.002,-0.2596961244673822,0.09893494613664494,-1.3424237420356873,-1.5363326732759215,-1.148514810795453,0.26121179071504996,0.21516875036961067,0.3171073842802767,0.73878820928495,0.6828926157197233,0.7848312496303893
h1pdm,4.0889999999999995,-0.3085102664969932,0.11753139043211103,-1.3912378840652984,-1.6215951763651515,-1.1608805917654452,0.24876716903842352,0.19758326740760643,0.313210249042623,0.7512328309615764,0.686789750957377,0.8024167325923935
h1pdm,4.176,-0.35732440852660474,0.1361278347275773,-1.44005202609491,-1.7068576794543822,-1.1732463727354376,0.2369154325767041,0.18143502479986226,0.3093610081896902,0.7630845674232959,0.6906389918103097,0.8185649752001377
h1pdm,4.263,-0.4061385505562158,0.15472427902304342,-1.488866168124521,-1.7921201825436122,-1.1856121537054298,0.22562833516161218,0.16660655862227822,0.30555907311678604,0.7743716648383878,0.6944409268832139,0.8333934413777218
h1pdm,4.35,-0.45495269258582677,0.1733207233185095,-1.5376803101541319,-1.877382685632842,-1.1979779346754218,0.21487897632552372,0.15299000513587555,0.3018038624529571,0.7851210236744763,0.6981961375470429,0.8470099948641244
h1pdm,4.436999999999999,-0.5037668346154378,0.1919171676139756,-1.586494452183743,-1.962645188722072,-1.210343715645414,0.20464173718975665,0.14048631617522309,0.2980948019720891,0.7953582628102434,0.701905198027911,0.8595136838247769
h1pdm,4.524,-0.5525809766450493,0.21051361190944187,-1.6353085942133545,-2.047907691811303,-1.2227094966154064,0.19489221940726006,0.1290045386622229,0.2944313245050994,0.8051077805927399,0.7055686754949007,0.870995461337777
h1pdm,4.611,-0.6013951186746603,0.22911005620490799,-1.6841227362429656,-2.133170194900533,-1.2350752775853986,0.1856071870141887,0.11846115300436695,0.2908128698532087,0.8143928129858113,0.7091871301467914,0.881538846995633
h1pdm,4.6979999999999995,-0.6502092607042714,0.24770650050037407,-1.7329368782725765,-2.2184326979897624,-1.2474410585553906,0.1767645110517773,0.10877946556490742,0.28723888470227826,0.8232354889482227,0.7127611152977218,0.8912205344350925
h1pdm,4.784999999999999,-0.6990234027338824,0.26630294479584016,-1.7817510203021876,-2.3036952010789924,-1.2598068395253827,0.16834311682653386,0.09988905078570916,0.2837088225382002,0.8316568831734661,0.7162911774617998,0.9001109492142908
h1pdm,4.872,-0.747837544763494,0.28489938909130647,-1.8305651623317991,-2.3889577041682233,-1.272172620495375,0.16032293368305658,0.09172523890472993,0.2802221435633277,0.8396770663169434,0.7197778564366724,0.9082747610952701
h1pdm,4.959,-0.7966516867931049,0.30349583338677255,-1.87937930436141,-2.474220207257453,-1.2845384014653671,0.15268484716976835,0.08422864554173429,0.27677831461393226,0.8473151528302316,0.7232216853860678,0.9157713544582657
h1pdm,5.045999999999999,-0.8454658288227159,0.32209227768223864,-1.928193446391021,-2.559482710346683,-1.2969041824353593,0.145410653483565,0.07734473973040017,0.27337680907867495,0.854589346516435,0.726623190921325,0.9226552602695999
h1pdm,5.133,-0.8942799708523275,0.34068872197770494,-1.9770075884206326,-2.6447452134359137,-1.3092699634053515,0.13848301608480748,0.07102344725464241,0.27001710681807994,0.8615169839151925,0.7299828931819201,0.9289765527453576
h1pdm,5.22,-0.9430941128819386,0.35928516627317103,-2.025821730450244,-2.7300077165251437,-1.321635744375344,0.13188542437925696,0.06521878640378068,0.26669869408499774,0.868114575620743,0.7333013059150022,0.9347812135962194
h1pdm,5.3069999999999995,-0.9919082549115495,0.3778816105686371,-2.074635872479855,-2.8152702196143737,-1.334001525345336,0.1256021543684802,0.05988853349699862,0.26342106344604616,0.8743978456315198,0.7365789365539539,0.9401114665030014
h1pdm,5.393999999999999,-1.0407223969411605,0.3964780548641032,-2.1234500145094657,-2.9005327227036033,-1.346367306315328,0.11961823117494384,0.054993915744087095,0.2601837137040155,0.8803817688250561,0.7398162862959845,0.9450060842559129
h1pdm,5.481,-1.089536538970772,0.41507449915956945,-2.172264156539077,-2.9857952257928337,-1.3587330872853203,0.11391939335248388,0.050499329208308553,0.25698614982122897,0.8860806066475161,0.7430138501787711,0.9495006707916914
h1pdm,5.568,-1.1383506810003832,0.4336709434550356,-2.2210782985686883,-3.071057728882064,-1.3710988682553125,0.10849205889709179,0.04637207981981751,0.2538278828438443,0.8915079411029082,0.7461721171561557,0.9536279201801825
h1pdm,5.654999999999999,-1.187164823029994,0.4522673877505017,-2.269892440598299,-3.1563202319712937,-1.3834646492253047,0.10332329287701036,0.042582145555742,0.2507084298270849,0.8966767071229896,0.749291570172915,0.957417854444258
h1pdm,5.742,-1.2359789650596056,0.470863832045968,-2.318706582627911,-3.241582735060525,-1.3958304301952968,0.0984007766049928,0.039101958057000744,0.2476273137613916,0.9015992233950072,0.7523726862386084,0.9608980419429992
h1pdm,5.829,-1.2847931070892167,0.489460276341434,-2.367520724657522,-3.3268452381497546,-1.408196211165289,0.0937127782792541,0.035906202093315485,0.2445840634994801,0.9062872217207459,0.75541593650052,0.9640937979066845
h1pdm,5.9159999999999995,-1.3336072491188278,0.5080567206369001,-2.4163348666871327,-3.412107741238984,-1.4205619921352812,0.08924812502314175,0.03297163141770563,0.2415782136842961,0.9107518749768583,0.7584217863157039,0.9670283685822944
h1pdm,6.002999999999999,-1.3824213911484386,0.5266531649323662,-2.465149008716744,-3.4973702443282146,-1.4329277731052734,0.08499617625689004,0.030276899670974064,0.23860930467785565,0.91500382374311,0.7613906953221443,0.969723100329026
h1pdm,6.09,-1.4312355331780502,0.5452496092278325,-2.5139631507463553,-3.582632747417445,-1.4452935540752656,0.08094679833799384,0.027802405106165606,0.23567688249095944,0.9190532016620061,0.7643231175090406,0.9721975948938344
h1pdm,6.177,-1.4800496752076613,0.5638460535232986,-2.5627772927759667,-3.6678952505066755,-1.457659335045258,0.07709034040976269,0.02553014800350843,0.23278049871377152,0.9229096595902373,0.7672195012862285,0.9744698519964916
h1pdm,6.263999999999999,-1.5288638172372724,0.5824424978187647,-2.6115914348055775,-3.753157753595905,-1.47002511601525,0.07341761140049534,0.02344359973866081,0.22991971044725104,0.9265823885995047,0.770080289552749,0.9765564002613392
h1pdm,6.351,-1.5776779592668837,0.601038942114231,-2.660405576835189,-3.8384202566851355,-1.482390896985242,0.06991985811845675,0.021527582551852366,0.22709408023542624,0.9300801418815432,0.7729059197645738,0.9784724174481476
h1pdm,6.438,-1.6264921012964948,0.6196353864096971,-2.7092197188647997,-3.9236827597743655,-1.4947566779552341,0.06658874439045208,0.019768159143348864,0.22430317599850128,0.933411255609548,0.7756968240014988,0.9802318408566512
h1pdm,6.5249999999999995,-1.675306243326106,0.6382318307051632,-2.758033860894411,-4.0089452628635955,-1.5071224589252263,0.06341633119427773,0.01815253129214651,0.22154657096678504,0.9365836688057223,0.778453429033215,0.9818474687078534
h1pdm,6.611999999999999,-1.7241203853557168,0.6568282750006292,-2.806848002924022,-4.0942077659528255,-1.5194882398952185,0.06039505773770035,0.016668946760438525,0.21882384361543178,0.9396049422622996,0.7811761563845683,0.9833310532395615
h1pdm,6.699,-1.7729345273853283,0.6754247192960956,-2.8556621449536337,-4.179470269042056,-1.531854020865211,0.057517723438868504,0.015306613806667507,0.2161345775999839,0.9424822765611315,0.7838654224000161,0.9846933861933325
h1pdm,6.786,-1.8217486694149394,0.6940211635915616,-2.9044762869832446,-4.2647327721312855,-1.5442198018352031,0.05477747076521191,0.014055622685323222,0.21347836169270687,0.9452225292347881,0.7865216383072932,0.9859443773146768
h1pdm,6.872999999999999,-1.8705628114445505,0.7126176078870277,-2.9532904290128554,-4.3499952752205155,-1.556585582805195,0.052167768889927274,0.012906873562467221,0.21085478971970645,0.9478322311100728,0.7891452102802936,0.9870931264375328
h1pdm,6.959999999999999,-1.9193769534741614,0.7312140521824939,-3.0021045710424668,-4.435257778309746,-1.5689513637751873,0.04968239812710044,0.011852010322635118,0.20826346049881886,0.9503176018728996,0.7917365395011812,0.9881479896773648
h1pdm,7.047,-1.968191095503773,0.74981049647796,-3.050918713072078,-4.520520281398976,-1.5813171447451797,0.04731543510836838,0.010883359785620916,0.2057039777782642,0.9526845648916317,0.7942960222217358,0.9891166402143791
h1pdm,7.1339999999999995,-2.017005237533384,0.7684069407734262,-3.099732855101689,-4.605782784488206,-1.5936829257151715,0.04506123866579301,0.009993875891000363,0.20317595017605417,0.954938761334207,0.7968240498239458,0.9900061241089997
h1pdm,7.220999999999999,-2.065819379562995,0.7870033850688923,-3.1485469971313003,-4.691045287577436,-1.6060487066851639,0.04291443638730131,0.00917708844438612,0.2006789911201432,0.9570855636126987,0.7993210088798568,0.9908229115556139
h1pdm,7.308,-2.1146335215926064,0.8055998293643586,-3.1973611391609116,-4.776307790666667,-1.618414487655156,0.04086991181264991,0.008427056052589728,0.1982127187893171,0.9591300881873501,0.8017872812106829,0.9915729439474102
h1pdm,7.395,-2.1634476636222177,0.8241962736598247,-3.246175281190523,-4.861570293755897,-1.6307802686251485,0.03892279223939777,0.007738322905336196,0.19577675605480616,0.9610772077606022,0.8042232439451938,0.9922616770946638
h1pdm,7.481999999999999,-2.2122618056518286,0.8427927179552909,-3.2949894232201338,-4.946832796845127,-1.6431460495951402,0.037068437109825415,0.007105879089156947,0.19337073042261738,0.9629315628901746,0.8066292695773827,0.9928941209108431
h1pdm,7.568999999999999,-2.2610759476814395,0.8613891622507568,-3.3438035652497446,-5.0320952999343564,-1.6555118305651326,0.03530242695112313,0.0065251241447806035,0.190994273976574,0.9646975730488768,0.809005726023426,0.9934748758552194
h1pdm,7.656,-2.3098900897110513,0.8799856065462233,-3.3926177072793564,-5.117357803023588,-1.6678776115351248,0.03362055284248948,0.005991833602934289,0.1886470233220566,0.9663794471575106,0.8113529766779434,0.9940081663970657
h1pdm,7.742999999999999,-2.3587042317406626,0.8985820508416893,-3.4414318493089677,-5.202620306112818,-1.6802433925051175,0.032018806384037195,0.005502128255133713,0.18632861953043411,0.9679811936159628,0.8136713804695659,0.9944978717448663
h1pdm,7.829999999999999,-2.4075183737702734,0.9171784951371554,-3.4902459913385786,-5.287882809202048,-1.6926091734751092,0.030493370143599013,0.00505244593593444,0.18403870808417913,0.969506629856401,0.8159612919158209,0.9949475540640655
h1pdm,7.917,-2.4563325157998843,0.9357749394326215,-3.5390601333681895,-5.373145312291277,-1.7049749544451014,0.02904060855866586,0.004639515611385925,0.18177693882265608,0.9709593914413341,0.8182230611773439,0.9953604843886141
h1pdm,8.004,-2.5051466578294956,0.9543713837280876,-3.587874275397801,-5.458407815380507,-1.7173407354150938,0.02765705927177383,0.004260333585204938,0.1795429658885775,0.9723429407282261,0.8204570341114226,0.995739666414795
h1pdm,8.091,-2.5539607998591065,0.9729678280235537,-3.6366884174274117,-5.543670318469738,-1.7297065163850855,0.026339424878689652,0.0039121416495898394,0.17733644767511716,0.9736605751213103,0.8226635523248829,0.9960878583504101
h1pdm,8.177999999999999,-2.6027749418887174,0.9915642723190198,-3.6855025594570225,-5.628932821558967,-1.7420722973550777,0.02508456506972802,0.0035924070217424812,0.17515704677367303,0.974915434930272,0.824842953226327,0.9964075929782575
h1pdm,8.264999999999999,-2.6515890839183287,1.010160716614486,-3.734316701486634,-5.714195324648197,-1.7544380783250701,0.02388948914547152,0.0032988039201539933,0.17300442992227322,0.9761105108545285,0.8269955700777267,0.996701196079846
h1pdm,8.352,-2.7004032259479405,1.0287571609099524,-3.7831308435162456,-5.799457827737429,-1.7668038592950621,0.02275134888905567,0.003029196646638614,0.17087826795461514,0.9772486511109443,0.8291217320453849,0.9969708033533614
h1pdm,8.439,-2.749217367977552,1.0473536052054184,-3.831944985545857,-5.884720330826659,-1.7791696402650548,0.021667431778031782,0.0027816240510525063,0.16877823574973094,0.9783325682219682,0.8312217642502691,0.9972183759489475
h1pdm,8.526,-2.7980315100071627,1.0659500495008847,-3.880759127575468,-5.969982833915889,-1.7915354212350465,0.020635154519629367,0.002554285265692373,0.16670401218227243,0.9793648454803706,0.8332959878177275,0.9974457147343077
h1pdm,8.613,-2.8468456520367735,1.0845464937963507,-3.9295732696050787,-6.055245337005118,-1.8039012022050387,0.019652056894010898,0.0023455266056045493,0.1646552800734056,0.980347943105989,0.8353447199265944,0.9976544733943955
h1pdm,8.7,-2.895659794066385,1.1031429380918167,-3.97838741163469,-6.140507840094349,-1.8162669831750313,0.018715795890845495,0.0021538295395160324,0.16263172614230992,0.9812842041091545,0.8373682738576901,0.997846170460484
