fit,se,fit_high,fit_low,loghimid,population,virus
0.7727829504980303,0.24570723542284165,0.8462737970123417,0.6775456080344111,0,Exposed,H1N1pdm
0.7601004921264221,0.23522374744132313,0.8340020755213788,0.6664562509717311,0.087,Exposed,H1N1pdm
0.7469419515275391,0.22480045378049088,0.8209753183469035,0.6551529596594972,0.174,Exposed,H1N1pdm
0.7333148913281238,0.2144461319722543,0.8071836922073613,0.6436404140122258,0.261,Exposed,H1N1pdm
0.7192298544678197,0.20417127578133995,0.7926236060495142,0.6319232099668988,0.348,Exposed,H1N1pdm
0.704700476949308,0.1939885126209026,0.7772986808890247,0.6200056449740603,0.43499999999999994,Exposed,H1N1pdm
0.6897435656193676,0.18391313993821054,0.7612207394834094,0.6078914441818914,0.522,Exposed,H1N1pdm
0.6743791361397298,0.17396381777072253,0.7444108021990884,0.5955834113149491,0.609,Exposed,H1N1pdm
0.6586304068915976,0.16416346604275298,0.7269000773756449,0.5830829838764346,0.696,Exposed,H1N1pdm
0.6425237453595024,0.15454042872771734,0.708730938245059,0.5703896674839024,0.7829999999999999,Exposed,H1N1pdm
0.6260885645494388,0.14512998131983232,0.6899578833534652,0.5575003199358876,0.8699999999999999,Exposed,H1N1pdm
0.6093571681909362,0.1359762688222275,0.6706484810980531,0.5444082546637196,0.957,Exposed,H1N1pdm
0.5923645448180989,0.1271347581352405,0.6508842956614985,0.5311021414995962,1.044,Exposed,H1N1pdm
0.5751481122737242,0.11867524850519227,0.6307617691169759,0.5175647123825928,1.131,Exposed,H1N1pdm
0.5577474156760676,0.11068536184972158,0.61039296974922,0.5037713535709394,1.218,Exposed,H1N1pdm
0.540203783364817,0.10327415400868736,0.5899059716693006,0.48968882173337414,1.305,Exposed,H1N1pdm
0.5225599467325939,0.09657494127871871,0.5694443569647971,0.4752746069487781,1.392,Exposed,H1N1pdm
0.50485963108251,0.09074554820010441,0.5491649056154149,0.46047790365215613,1.4789999999999999,Exposed,H1N1pdm
0.4871471256677241,0.08596311180767363,0.5292320702460858,0.44524362998635014,1.5659999999999998,Exposed,H1N1pdm
0.4694668418118325,0.08241010559119154,0.5098077545185169,0.42952102389730973,1.6529999999999998,Exposed,H1N1pdm
0.4518628684391569,0.08024999223561144,0.4910360466067114,0.41327721878747936,1.7399999999999998,Exposed,H1N1pdm
0.4343785344379345,0.07959625520369454,0.47302548577911385,0.39651327896136046,1.827,Exposed,H1N1pdm
0.41705598703192837,0.08048560908298615,0.4558349573350843,0.37927665837710056,1.914,Exposed,H1N1pdm
0.39993579476064833,0.08286838682415913,0.4394699324656247,0.3616634218603606,2.001,Exposed,H1N1pdm
0.38305658279661403,0.08662143290542644,0.4238912006463972,0.34380813059962423,2.088,Exposed,H1N1pdm
0.36645470720660145,0.091576430268447,0.4090316184084959,0.32586590850809294,2.175,Exposed,H1N1pdm
0.35016397345114914,0.0975503939572045,0.39481347812576517,0.3079941153337751,2.262,Exposed,H1N1pdm
0.33421540297888763,0.104368496109082,0.38116130457538144,0.2903388363641829,2.3489999999999998,Exposed,H1N1pdm
0.31863705027854583,0.1118765097654944,0.3680088233848694,0.27302745021660557,2.436,Exposed,H1N1pdm
0.303453871269311,0.11994494875949407,0.35530136483119856,0.256166005618773,2.5229999999999997,Exposed,H1N1pdm
0.2886876425014223,0.12846826404563189,0.3429955761723241,0.23983951859311936,2.61,Exposed,H1N1pdm
0.27435692935638256,0.1373618063336761,0.33105791834956244,0.22411369096638378,2.6969999999999996,Exposed,H1N1pdm
0.26047710032161353,0.1465581920261508,0.31946282864752273,0.2090371397507964,2.784,Exposed,H1N1pdm
0.24706038349680637,0.1560038727053578,0.3081909781671144,0.19464367630203538,2.871,Exposed,H1N1pdm
0.23411596078482444,0.1656562096226292,0.29722778622334767,0.18095443965115776,2.9579999999999997,Exposed,H1N1pdm
0.22165009473281938,0.17548110471607783,0.28656222099502837,0.16797982178900717,3.045,Exposed,H1N1pdm
0.20966628271240728,0.18545113447101177,0.27618585997185097,0.15572118054935435,3.1319999999999997,Exposed,H1N1pdm
0.19816543304556233,0.19554410059924374,0.2660921664588102,0.14417235620122726,3.219,Exposed,H1N1pdm
0.1871460577728964,0.20574191143303927,0.25627593807649574,0.13332101206011615,3.3059999999999996,Exposed,H1N1pdm
0.17660447699617854,0.21602971971338963,0.2467328891080881,0.12314981773475175,3.393,Exposed,H1N1pdm
0.1665350300781162,0.22639525683446274,0.2374593358406777,0.11363749058822126,3.4799999999999995,Exposed,H1N1pdm
0.1569302894198169,0.2368283168736599,0.2284519607947253,0.10475970830873882,3.5669999999999997,Exposed,H1N1pdm
0.1477812730315624,0.2473203547378392,0.21970763733197762,0.0964899035875838,3.654,Exposed,H1N1pdm
0.13907765263939798,0.25786417141677925,0.2112233005391675,0.08879995072424884,3.7409999999999997,Exposed,H1N1pdm
0.1308079546058114,0.2684536659679754,0.20299585366256434,0.08166075331053169,3.828,Exposed,H1N1pdm
0.12295975146826521,0.2790836388633344,0.1950221019219578,0.07504274177334136,3.9149999999999996,Exposed,H1N1pdm
0.11551984239939928,0.2897496350802301,0.1872987074517729,0.06891628931477511,4.002,Exposed,H1N1pdm
0.108474421355931,0.3004478181239205,0.17982216055810973,0.06325205456705907,4.0889999999999995,Exposed,H1N1pdm
0.10180923210183157,0.31117486826556884,0.1725887635653518,0.058021259015815896,4.176,Exposed,H1N1pdm
0.09550970966063321,0.3219278998520249,0.1655946243466444,0.05319590690956155,4.263,Exposed,H1N1pdm
0.08956110806972417,0.33270439372594435,0.1588356572574291,0.04874895496162168,4.35,Exposed,H1N1pdm
0.08394861457654179,0.3435021416881308,0.15230758967072777,0.04465443867228536,4.436999999999999,Exposed,H1N1pdm
0.07865745063460705,0.3543192006122288,0.14600597268398585,0.04088756157072759,4.524,Exposed,H1N1pdm
0.07367296022961589,0.36515385433953246,0.13992619485711377,0.03742475311734539,4.611,Exposed,H1N1pdm
0.06898068619638642,0.37600458187888586,0.13406349806980844,0.034243700436425883,4.6979999999999995,Exposed,H1N1pdm
0.06456643528095218,0.38687003074312537,0.12841299476792656,0.031323358483095864,4.784999999999999,Exposed,H1N1pdm
0.060416332763259306,0.3977489944912864,0.12296968601445035,0.028643942700820713,4.872,Exposed,H1N1pdm
0.056516867489577405,0.4086403937312653,0.11772847987847901,0.026186907706599483,4.959,Exposed,H1N1pdm
0.05285492817443482,0.4195432599830788,0.1126842097916968,0.023934915057636008,5.045999999999999,Exposed,H1N1pdm
0.04941783182394677,0.43045672191753115,0.1078316525804599,0.021871792710079663,5.133,Exposed,H1N1pdm
0.046193345109700634,0.44137999357596147,0.10316554594644323,0.019982488379600816,5.22,Exposed,H1N1pdm
0.04316969948839133,0.4523123642491065,0.09868060522233224,0.01825301865538531,5.3069999999999995,Exposed,H1N1pdm
0.040335600820167516,0.46325318975101365,0.09437153927339204,0.016670415402597283,5.393999999999999,Exposed,H1N1pdm
0.037680234190773265,0.4742018848704975,0.09023306545248788,0.015222670711404818,5.481,Exposed,H1N1pdm
0.03519326459120897,0.48515791682023285,0.08625992354655321,0.013898681410625446,5.568,Exposed,H1N1pdm
0.032864834055589376,0.4961207995340803,0.08244688867761085,0.012688193957818727,5.654999999999999,Exposed,H1N1pdm
0.030685555804578435,0.5070900886880889,0.0787887831421018,0.01158175034201836,5.742,Exposed,H1N1pdm
0.028646505889372897,0.5180653773409533,0.07528048718911906,0.010570635486937041,5.829,Exposed,H1N1pdm
0.02673921278053648,0.5290462921063961,0.07191694875178645,0.009646826518238227,5.9159999999999995,Exposed,H1N1pdm
0.024955645297700002,0.5400324897837163,0.06869319215690695,0.00880294415531191,6.002999999999999,Exposed,H1N1pdm
0.023288199230661166,0.5510236543841334,0.06560432584656795,0.008032206403137399,6.09,Exposed,H1N1pdm
0.021729682960043184,0.5620194945000234,0.0626455491519593,0.007328384650688413,6.177,Exposed,H1N1pdm
0.02027330234652902,0.573019740972028,0.059812158164542106,0.006685762226657288,6.263999999999999,Exposed,H1N1pdm
0.018912645121837324,0.5840241448156148,0.057099550753169304,0.006099095418980238,6.351,Exposed,H1N1pdm
0.01764166498201092,0.5950324753741951,0.05450323077799846,0.005563576929951797,6.438,Exposed,H1N1pdm
0.01645466555416286,0.6060445186705719,0.05201881155328836,0.005074801712026233,6.5249999999999995,Exposed,H1N1pdm
0.015346284381405395,0.6170600759324167,0.04964201861157114,0.004628735109383331,6.611999999999999,Exposed,H1N1pdm
0.014311477047146526,0.6280789622708012,0.04736869182140069,0.004221683215784533,6.699,Exposed,H1N1pdm
0.01334550153904479,0.6391010054936425,0.045194786910033646,0.0038502653491817584,6.786,Exposed,H1N1pdm
0.01244390293450448,0.6501260450383252,0.04311637644109245,0.003511388537105198,6.872999999999999,Exposed,H1N1pdm
0.011602498473445744,0.6611539310098183,0.04112965029560012,0.003202223903335466,6.959999999999999,Exposed,H1N1pdm
0.01081736307000214,0.672184523312363,0.03923091570285775,0.002920184845150775,7.047,Exposed,H1N1pdm
0.010084815302600858,0.6832176908643199,0.037416596865488705,0.0026629068910406506,7.1339999999999995,Exposed,H1N1pdm
0.009401403911347805,0.6942533108870634,0.03568323422071873,0.0024282291307631265,7.220999999999999,Exposed,H1N1pdm
0.008763894822641838,0.7052912682599278,0.034027483377585765,0.0022141771126631404,7.308,Exposed,H1N1pdm
0.00816925871326657,0.7163314549341786,0.03244611376737483,0.0020189471069718135,7.395,Exposed,H1N1pdm
0.007614659119741685,0.7273737693998238,0.03093600704215116,0.0018408916381564833,7.481999999999999,Exposed,H1N1pdm
0.00709744109328625,0.7384181161998062,0.029494155253865006,0.0016785061940851609,7.568999999999999,Exposed,H1N1pdm
0.006615120396254004,0.7494644054867482,0.02811765884414441,0.0015304170246778215,7.656,Exposed,H1N1pdm
0.006165373232201343,0.7605125526179768,0.026803724472601598,0.0013953699477150527,7.742999999999999,Exposed,H1N1pdm
0.005746026498769541,0.7715624777850386,0.025549662709249854,0.0012722200844695886,7.829999999999999,Exposed,H1N1pdm
0.005355048550168218,0.782614105674334,0.024352885614511655,0.0011599224527455432,7.917,Exposed,H1N1pdm
0.004990540454211434,0.7936673651558683,0.023210904228255114,0.0010575233497230885,8.004,Exposed,H1N1pdm
0.004650727727428361,0.804722188997452,0.022121325987366824,9.641524616246233e-4,8.091,Exposed,H1N1pdm
0.004333952530773844,0.8157785136019546,0.021081852089545716,8.790156416823569e-4,8.177999999999999,Exposed,H1N1pdm
0.004038666307749628,0.8268362787654823,0.020090274819287157,8.013883021098511e-4,8.264999999999999,Exposed,H1N1pdm
0.0037634228463402364,0.8378954274545588,0.01914447485040749,7.306093697998506e-4,8.352,Exposed,H1N1pdm
0.0035068717459721954,0.8489559056006011,0.018242418537965155,6.660757592600319e-4,8.439,Exposed,H1N1pdm
0.0032677522707083018,0.8600176619101418,0.017382155211031702,6.072373198567904e-4,8.526,Exposed,H1N1pdm
0.0030448875700479494,0.8710806476894142,0.016561814476464987,5.535922177754005e-4,8.613,Exposed,H1N1pdm
0.0028371792489922942,0.8821448166820473,0.01577960354264285,5.04682716221283e-4,8.7,Exposed,H1N1pdm
0.46494171172589593,0.21782649013425756,0.5711313274165954,0.36183796578209404,0,General,H1N1pdm
0.44540065891421887,0.20805465383520844,0.5469879178072106,0.3481794379647307,0.087,General,H1N1pdm
0.42602696453357825,0.19833068610701143,0.5226448044014953,0.33474513332025846,0.174,General,H1N1pdm
0.4068777300295975,0.18866198878358686,0.4982207223590861,0.3215498221748698,0.261,General,H1N1pdm
0.38800736888498677,0.17905751551607518,0.47383651163487195,0.3086064854312688,0.348,General,H1N1pdm
0.3694670209835522,0.16952818233176345,0.44961290331275383,0.2959261943135215,0.43499999999999994,General,H1N1pdm
0.3513040467609484,0.160087408116768,0.4256683514490024,0.2835179825272083,0.522,General,H1N1pdm
0.33356161032852594,0.1507518317012716,0.4021170102150883,0.2713887024728874,0.609,General,H1N1pdm
0.31627835729555565,0.14154226992648977,0.37906695061232776,0.259542854581982,0.696,General,H1N1pdm
0.29948818954191525,0.13248500474207991,0.3566187002860286,0.2479823760227169,0.7829999999999999,General,H1N1pdm
0.2832201358898653,0.12361351737567161,0.3348641747388136,0.2367063725663363,0.8699999999999999,General,H1N1pdm
0.26749831464437823,0.11497082136513105,0.3138860485360221,0.2257107770117298,0.957,General,H1N1pdm
0.2523419814352992,0.10661257310313435,0.2937575886255579,0.21498792334684613,1.044,General,H1N1pdm
0.2377656537797488,0.09861112824058112,0.27454293129012786,0.204526046861227,1.131,General,H1N1pdm
0.22377930232708576,0.09106059176724249,0.25629771255902356,0.19430877508615907,1.218,General,H1N1pdm
0.21038859785111064,0.08408252508120415,0.23906982762705586,0.18431479522960026,1.305,General,H1N1pdm
0.19759520268246766,0.07783105784950593,0.22289985516456068,0.17451811401929374,1.392,General,H1N1pdm
0.18539709537094506,0.07249440667269327,0.2078203242767549,0.16488967872868387,1.4789999999999999,General,H1N1pdm
0.17378891785827566,0.06828738772708626,0.1938526792398777,0.15540144938208666,1.5659999999999998,General,H1N1pdm
0.16276233524364148,0.06542827016866537,0.18100106702292906,0.146033744127248,1.6529999999999998,General,H1N1pdm
0.15230639925090605,0.06409768047947761,0.16924383690053513,0.13678491988662755,1.7399999999999998,General,H1N1pdm
0.14240790767678801,0.06439044680187755,0.15852685562895963,0.12767924240909634,1.827,General,H1N1pdm
0.1330517533388773,0.06628506262162331,0.14876444088045404,0.11876710779718436,1.914,General,H1N1pdm
0.1242212572884448,0.06965093183203297,0.1398500622151132,0.11011543851521599,2.001,General,H1N1pdm
0.1158984822544955,0.07428834346180675,0.13167208909124328,0.10179295398209531,2.088,General,H1N1pdm
0.10806452340395178,0.0799764123628905,0.12412715758042514,0.09385773042555023,2.175,General,H1N1pdm
0.10069977451166268,0.08650813826160943,0.11712720768853058,0.08635099034568883,2.262,General,H1N1pdm
0.09378416851708438,0.09370726934155765,0.11060082848964492,0.07929648157503677,2.3489999999999998,General,H1N1pdm
0.08729739219504451,0.10143179758006668,0.1044914203689129,0.07270293778535408,2.436,General,H1N1pdm
0.08121907528629324,0.10957066069029102,0.0987542952294701,0.0665675037323522,2.5229999999999997,General,H1N1pdm
0.07552895492540301,0.11803818322390866,0.09335385666371454,0.06087898952073889,2.61,General,H1N1pdm
0.07020701657877082,0.12676852371312863,0.08826127893081115,0.055620542719484356,2.6969999999999996,General,H1N1pdm
0.06523361297620967,0.1357109700831954,0.0834527392101091,0.05077169229873535,2.784,General,H1N1pdm
0.06058956269943261,0.14482623756884924,0.07890812187851992,0.04630985435748136,2.871,General,H1N1pdm
0.056256230193483026,0.15408365801306256,0.07461008554748216,0.042211417523975725,2.9579999999999997,General,H1N1pdm
0.05221558900636347,0.16345908092221423,0.07054339547917043,0.03845251365563973,3.045,General,H1N1pdm
0.04845027005039804,0.17293331517117924,0.06669444561463855,0.03500955729715727,3.1319999999999997,General,H1N1pdm
0.044943596627700866,0.18249097168672407,0.06305091472381363,0.03185961641118773,3.219,General,H1N1pdm
0.04167960788160907,0.19211960048143426,0.05960151719033557,0.02898066017024603,3.3059999999999996,General,H1N1pdm
0.038643072234763265,0.2018090432117401,0.0563358206895227,0.02635171711696116,3.393,General,H1N1pdm
0.03581949225997905,0.21155094385476264,0.05324411134832985,0.023952967950850224,3.4799999999999995,General,H1N1pdm
0.033195102308095414,0.22133837593276673,0.05031729279291064,0.021765790703040744,3.5669999999999997,General,H1N1pdm
0.030756860092413518,0.23116555618469525,0.04754680952785051,0.019772771393799182,3.654,General,H1N1pdm
0.028492433305822074,0.2410276228209437,0.044924587895015744,0.017957689894777862,3.7409999999999997,General,H1N1pdm
0.026390182227047587,0.2509204623982699,0.04244298981318806,0.016305488257479794,3.828,General,H1N1pdm
0.02443913915865359,0.26084057358570373,0.04009477586740995,0.014802226955886844,3.9149999999999996,General,H1N1pdm
0.022628985432811444,0.27078495914246636,0.03787307528075179,0.013435033140432151,4.002,General,H1N1pdm
0.02095002662229073,0.28075103963826437,0.035771360984823364,0.012192043984644019,4.0889999999999995,General,H1N1pdm
0.019393166503989145,0.2907365840568681,0.03378342849349225,0.011062347435353281,4.176,General,H1N1pdm
0.017949880240740734,0.30073965360600047,0.03190337763505491,0.010035922089032812,4.263,General,H1N1pdm
0.016612187173940973,0.3107585559304344,0.030125596451684777,0.009103577465283452,4.35,General,H1N1pdm
0.01537262355439084,0.3207918075758662,0.028444746759257344,0.008256895600733505,4.436999999999999,General,H1N1pdm
0.014224215481252411,0.33083810303912264,0.026855750995200323,0.007488174618454635,4.524,General,H1N1pdm
0.01316045226857876,0.34089628910882785,0.025353780080613064,0.00679037472125521,4.611,General,H1N1pdm
0.012175260414994171,0.35096534348098357,0.0239342420953621,0.006157066898276553,4.6979999999999995,General,H1N1pdm
0.011262978314149463,0.3610443568485608,0.022592771618225926,0.005582384512643257,4.784999999999999,General,H1N1pdm
0.010418331810993275,0.37113251782963996,0.021325219623478997,0.005060977845506853,4.872,General,H1N1pdm
0.009636410681129637,0.38122910022695794,0.0201276438542749,0.0045879716023313755,4.959,General,H1N1pdm
0.008912646087018139,0.3913334522118634,0.01899629961449134,0.004158925335782104,5.045999999999999,General,H1N1pdm
0.008242789045041388,0.4014449871042911,0.017927630936308336,0.0037697967022454204,5.133,General,H1N1pdm
0.007622889921028664,0.4115631754824343,0.016918262092181835,0.003416907442686856,5.22,General,H1N1pdm
0.007049278958290328,0.42168753840505707,0.015964989428109977,0.003096911960894122,5.3069999999999995,General,H1N1pdm
0.0065185478311607925,0.4318176415687052,0.015064773501001771,0.002806768361125145,5.393999999999999,General,H1N1pdm
0.006027532208176312,0.44195309025360596,0.014214731507125378,0.0025437118013267312,5.481,General,H1N1pdm
0.005573295301964931,0.45209352493745814,0.01341212999151542,0.0023052300161212624,5.568,General,H1N1pdm
0.005153112377476399,0.4622386174768948,0.012654377830169539,0.0020890408647443737,5.654999999999999,General,H1N1pdm
0.004764456186053145,0.4723880677731361,0.011939019478138801,0.001893071762261278,5.742,General,H1N1pdm
0.004404983289849063,0.4825416008520237,0.011263728477393542,0.0017154408571075086,5.829,General,H1N1pdm
0.004072521239050775,0.49269896429984633,0.010626301218781498,0.0015544398237822277,5.9159999999999995,General,H1N1pdm
0.003765056563085234,0.5028599260056023,0.010024650952575653,0.0014085181460344876,6.002999999999999,General,H1N1pdm
0.00348072353637241,0.5130242721679835,0.009456802042143386,0.0012762687728007371,6.09,General,H1N1pdm
0.0032177936790872552,0.523191805531709,0.008920884455187683,0.0011564150362761705,6.177,General,H1N1pdm
0.0029746659537165376,0.5333623438231092,0.008415128486876644,0.0010477987286480195,6.263999999999999,General,H1N1pdm
0.0027498576188687007,0.5435357183592838,0.007937859709011064,9.493692410741383e-4,6.351,General,H1N1pdm
0.002541995702720401,0.5537117728088463,0.007487494139214346,8.601736753482969e-4,6.438,General,H1N1pdm
0.002349809059622565,0.5638903620853963,0.007062533623958367,7.79347845302758e-4,6.5249999999999995,General,H1N1pdm
0.002172120974670788,0.5740713513574719,0.0066615614291032355,7.061080912984519e-4,6.611999999999999,General,H1N1pdm
0.002007842282441663,0.5842546151609755,0.006283238031510541,6.397438371317232e-4,6.699,General,H1N1pdm
0.001855964967560908,0.5944400366019401,0.0059262971051943225,5.796108243150133e-4,6.786,General,H1N1pdm
0.0017155562162767257,0.6046275066391235,0.0055895416954244714,5.251249639718347e-4,6.872999999999999,General,H1N1pdm
0.001585752889739056,0.6148169234372793,0.005271840574166742,4.757567515099037e-4,6.959999999999999,General,H1N1pdm
0.001465756391209383,0.6250081917831402,0.004972124770241004,4.310261938348381e-4,7.047,General,H1N1pdm
0.0013548279009327757,0.635201222557144,0.004689384267613894,3.9049820311087835e-4,7.1339999999999995,General,H1N1pdm
0.0012522839538807728,0.6453959322548146,0.0044226648652958556,3.5377841502415297e-4,7.220999999999999,General,H1N1pdm
0.0011574923370124557,0.6555922425524444,0.004171065192386414,3.205093931341052e-4,7.308,General,H1N1pdm
0.001069868284096942,0.6657900799123817,0.003933733871916423,2.903671842479083e-4,7.395,General,H1N1pdm
9.888709474710211e-4,0.6759893752237821,0.003709866827243058,2.6305819283811704e-4,7.481999999999999,General,H1N1pdm
9.140001274033915e-4,0.6861900634751668,0.0034987047248958847,2.3831634534610124e-4,7.568999999999999,General,H1N1pdm
8.447932409542114e-4,0.6963920834555622,0.0032995305479059933,2.1590051781428254e-4,7.656,General,H1N1pdm
7.808225133904001e-4,0.7065953774813523,0.0031116672938127365,1.9559220266029964e-4,7.742999999999999,General,H1N1pdm
7.216923763302407e-4,0.71679989114631,0.0029344757917025843,1.771933925871494e-4,7.829999999999999,General,H1N1pdm
6.670370578308882e-4,0.7270055730925449,0.002767352632809361,1.605246616003253e-4,7.917,General,H1N1pdm
6.165183506388061e-4,0.7372123748003614,0.002609728209373441,1.454234249266273e-4,8.004,General,H1N1pdm
5.698235457417544e-4,0.7474202503952297,0.002461064856645434,1.3174236128188355e-4,8.091,General,H1N1pdm
5.266635192564539e-4,0.7576291564702738,0.0023208550930934324,1.193479824395105e-4,8.177999999999999,General,H1N1pdm
4.86770961502736e-4,0.7678390519228362,0.002188619954059945,1.0811933643972704e-4,8.264999999999999,General,H1N1pdm
4.49898737895027e-4,0.7780498978038441,0.0020639074142930758,9.794683201769239e-5,8.352,General,H1N1pdm
4.1581837201010163e-4,0.7882616571788176,0.0019462908949582358,8.873117298313637e-5,8.439,General,H1N1pdm
3.8431864186627696e-4,0.7984742949994881,0.0018353678509153148,8.038239231411559e-5,8.526,General,H1N1pdm
3.5520428108992697e-4,0.8086877779850976,0.0017307584342214355,7.281897667354986e-5,8.613,General,H1N1pdm
3.282947772379474e-4,0.818902074512533,0.0016321042299918265,6.596707292072512e-5,8.7,General,H1N1pdm
0.7141065429113636,0.19478997466470066,0.785362408318858,0.6303297311790514,0,Exposed,H3N2
0.7035559297950396,0.18798758208743052,0.7742973763564818,0.6214811995726435,0.087,Exposed,H3N2
0.6927834637373051,0.181229422119311,0.7628498611473402,0.6125304805495002,0.174,Exposed,H3N2
0.6817965866743876,0.17452063344412228,0.7510265363313637,0.6034799845901125,0.261,Exposed,H3N2
0.6706036106021143,0.1678671355185203,0.738836480290076,0.5943319583176168,0.348,Exposed,H3N2
0.6592137103764188,0.1612757716151627,0.7262913287877797,0.5850884114921333,0.43499999999999994,Exposed,H3N2
0.6476369095947418,0.15475448124806038,0.713405421438323,0.5757510306726406,0.522,Exposed,H3N2
0.6358840593513391,0.14831250809039576,0.7001959414716543,0.5663210772308407,0.609,Exposed,H3N2
0.6239668097505896,0.14196065046057105,0.6866830487271238,0.5567992671575055,0.696,Exposed,H3N2
0.611897574161353,0.13571156227724462,0.672890006207174,0.5471856300054141,0.7829999999999999,Exposed,H3N2
0.5996894863004474,0.12958011277078652,0.6588433007147134,0.5374793445359204,0.8699999999999999,Exposed,H3N2
0.5873563503423374,0.12358381264982214,0.6445727577724197,0.527678549472218,0.957,Exposed,H3N2
0.5749125843627634,0.11774331193685787,0.6301116496906746,0.5177801296943799,1.044,Exposed,H3N2
0.5623731575337949,0.11208296880468233,0.6154967925398839,0.5077794819980779,1.131,Exposed,H3N2
0.5497535215939913,0.10663147715238616,0.6007686217487025,0.4976702713053571,1.218,Exposed,H3N2
0.5370695372173371,0.1014225200670226,0.5859712255423801,0.48744419948821427,1.305,Exposed,H3N2
0.5243373959957733,0.09649538262118372,0.5711522986617072,0.4770908265103412,1.392,Exposed,H3N2
0.5115735388300235,0.09189540680082423,0.5563629543746071,0.466597508768143,1.4789999999999999,Exposed,H3N2
0.4987945715898233,0.08767410306576616,0.5416573013287707,0.4559495516693276,1.5659999999999998,Exposed,H3N2
0.48601717895572927,0.08388865560432766,0.5270916589680998,0.44513070692345635,1.6529999999999998,Exposed,H3N2
0.4732580373889792,0.08060049852968461,0.5127232660852645,0.43412416466983206,1.7399999999999998,Exposed,H3N2
0.4605337281923848,0.07787265130187347,0.49860835915595936,0.4229141688628697,1.827,Exposed,H3N2
0.4478606516235202,0.07576565786522248,0.4847995959070871,0.4114882857469935,1.914,Exposed,H3N2
0.43525494300153944,0.0743323323738332,0.47134299712216254,0.3998401577608498,2.001,Exposed,H3N2
0.4227323917114174,0.07361203701797257,0.45827484533477036,0.3879723094592966,2.088,Exposed,H3N2
0.4103083639553152,0.07362570193318367,0.44561919961160334,0.37589835122926796,2.175,Exposed,H3N2
0.39799773003167127,0.07437292255780956,0.4333866987429893,0.3636439130517164,2.262,Exposed,H3N2
0.3858147968404384,0.0758320174322374,0.42157503779583483,0.3512459273899393,2.3489999999999998,Exposed,H3N2
0.37377324621986885,0.07796302815638749,0.4101710081755746,0.33875037445451794,2.436,Exposed,H3N2
0.3618860796188976,0.08071275168275124,0.399153539591254,0.32620905413323187,2.5229999999999997,Exposed,H3N2
0.3501655695020903,0.08402046442686777,0.38849699709492136,0.31367613333677724,2.61,Exposed,H3N2
0.3386232177740117,0.08782314179206371,0.3781741034486398,0.3012050996525697,2.6969999999999996,Exposed,H3N2
0.32726972139933597,0.09205946805933975,0.3681581403356292,0.28884646817231774,2.784,Exposed,H3N2
0.31611494528659156,0.09667245066680348,0.35842436134063793,0.27664630822648806,2.871,Exposed,H3N2
0.3051679023993997,0.10161080360817838,0.34895072899713897,0.26464547672422634,2.9579999999999997,Exposed,H3N2
0.29443674096146566,0.10682941418584739,0.3397181580955969,0.2528793743184995,3.045,Exposed,H3N2
0.2839287385321617,0.11228921450477847,0.3307104434990965,0.24137804407475472,3.1319999999999997,Exposed,H3N2
0.2736503026496623,0.11795671785161822,0.3219140133301004,0.23016646931494256,3.219,Exposed,H3N2
0.2636069776693092,0.12380340266717092,0.3133176048004598,0.2192649706145967,3.3059999999999996,Exposed,H3N2
0.2538034573668482,0.12980505911184803,0.30491192303469983,0.2086896386683339,3.393,Exposed,H3N2
0.24424360282973145,0.13594116324170666,0.29668931650383523,0.19845276638329423,3.4799999999999995,Exposed,H3N2
0.23493046512479354,0.14219431067874555,0.2886434852227293,0.1885632610227631,3.5669999999999997,Exposed,H3N2
0.22586631220701525,0.14854972146966874,0.28076922735966636,0.1790270278013143,3.654,Exposed,H3N2
0.2170526595212241,0.15499481649863656,0.27306222409207737,0.16984732228625576,3.7409999999999997,Exposed,H3N2
0.20849030374569366,0.1615188600987301,0.26551885965774336,0.16102507203457783,3.828,Exposed,H3N2
0.2001793591327763,0.16811266111497244,0.2581360723847673,0.15255916928867264,3.9149999999999996,Exposed,H3N2
0.19211929591589316,0.17476832413266224,0.2509112322617376,0.14444673702996202,4.002,Exposed,H3N2
0.18430898027330278,0.18147904299543316,0.2438420408634936,0.13668337070435033,4.0889999999999995,Exposed,H3N2
0.17674671536593112,0.18823892957184654,0.23692644990801903,0.12926335774688202,4.176,Exposed,H3N2
0.1694302829980162,0.19504287169642517,0.23016259523889915,0.12217987678407283,4.263,Exposed,H3N2
0.16235698548431132,0.20188641516020597,0.22354874353048182,0.11542517814921205,4.35,Exposed,H3N2
0.15552368734502187,0.20876566548718492,0.21708324946550606,0.1089907471370688,4.436999999999999,Exposed,H3N2
0.14892685648858273,0.21567720598105092,0.21076452152607705,0.10286745125743568,4.524,Exposed,H3N2
0.14256260458190717,0.22261802915913032,0.20459099486848742,0.09704567261925845,4.611,Exposed,H3N2
0.13642672634710362,0.22958547921638123,0.19856111002592503,0.09151542648193889,4.6979999999999995,Exposed,H3N2
0.1305147375621818,0.2365772035948365,0.19267329640791508,0.08626646694001383,4.784999999999999,Exposed,H3N2
0.12482191158040601,0.24359111208725856,0.18692595974906112,0.08128838065455435,4.872,Exposed,H3N2
0.1193433142182414,0.25062534219124616,0.1813174728093635,0.07657066950324198,4.959,Exposed,H3N2
0.11407383689493344,0.25767822966340875,0.1758461687502657,0.07210282298644766,5.045999999999999,Exposed,H3N2
0.10900822793741782,0.26474828341251794,0.17051033670985716,0.06787438119532996,5.133,Exposed,H3N2
0.10414112199227454,0.2718341640241319,0.1653082191816695,0.06387498911760336,5.22,Exposed,H3N2
0.09946706751176826,0.27893466533390887,0.1602380108677628,0.060094443025744626,5.3069999999999995,Exposed,H3N2
0.09498055230358449,0.28604869856826487,0.15529785873117752,0.05652272966018912,5.393999999999999,Exposed,H3N2
0.09067602715374679,0.2931752786536984,0.15048586301761813,0.05315005888620872,5.481,Exposed,H3N2
0.08654792754941676,0.3003135123636074,0.14580007905326764,0.04996689046768765,5.568,Exposed,H3N2
0.08259069354299253,0.3074625880267009,0.14123851965639977,0.04696395556418942,5.654999999999999,Exposed,H3N2
0.07879878781123106,0.31462176656646684,0.1367991580261072,0.04413227351990223,5.742,Exposed,H3N2
0.07516671197322111,0.3217903736785007,0.1324799309929745,0.04146316447473697,5.829,Exposed,H3N2
0.07168902123906751,0.3289677929833119,0.12827874253460636,0.03894825828946569,5.9159999999999995,Exposed,H3N2
0.06836033746733439,0.33615346001772844,0.12419346747421878,0.03657950023879808,6.002999999999999,Exposed,H3N2
0.06517536071378027,0.34334685694918954,0.12022195529347435,0.03434915388907145,6.09,Exposed,H3N2
0.06212887935692246,0.35054750791483474,0.11636203400179068,0.03224980154114587,6.177,Exposed,H3N2
0.05921577888763774,0.3577549749020024,0.11261151401379332,0.030274342584408087,6.263999999999999,Exposed,H3N2
0.056431049450543,0.36496885409906,0.108968191994684,0.028415990074746045,6.351,Exposed,H3N2
0.05376979222444367,0.37218877265582145,0.10542985464024046,0.02666826581809545,6.438,Exposed,H3N2
0.05122722472785013,0.3794143858015004,0.10199428236415975,0.025024994211827134,6.5249999999999995,Exposed,H3N2
0.048798685133580766,0.3866453742754854,0.09865925287061705,0.023480295068859958,6.611999999999999,Exposed,H3N2
0.0464796356739301,0.39388144203243175,0.09542254459436827,0.02202857562402072,6.699,Exposed,H3N2
0.04426566521487818,0.40112231418843164,0.09228193999457646,0.02066452189876633,6.786,Exposed,H3N2
0.0421524910744796,0.40836773517950103,0.08923522869185552,0.019383089578940083,6.872999999999999,Exposed,H3N2
0.04013596015697052,0.41561746710744085,0.08628021044089706,0.01817949454065737,6.959999999999999,Exposed,H3N2
0.038212049470357945,0.4228712882513916,0.08341469793350764,0.017049203141649483,7.047,Exposed,H3N2
0.03637686609137758,0.43012899172619795,0.0806365194289983,0.01598792237932578,7.1339999999999995,Exposed,H3N2
0.034626646637778924,0.437390384271096,0.0779435212106816,0.01499159000236372,7.220999999999999,Exposed,H3N2
0.03295775630397346,0.44465528515430436,0.07533356986877682,0.014056364649683406,7.308,Exposed,H3N2
0.03136668751220273,0.4519235251808781,0.07280455441132716,0.013178616079103533,7.395,Exposed,H3N2
0.029850058227595455,0.4591949457927265,0.07035438820583406,0.01235491553771062,7.481999999999999,Exposed,H3N2
0.02840460998178118,0.46646939825102735,0.06798101075522922,0.0115820263168811,7.568999999999999,Exposed,H3N2
0.027027205646183106,0.47374674289242713,0.06568238931256642,0.010856894526889205,7.656,Exposed,H3N2
0.02571482699269445,0.48102684845142335,0.06345652033941751,0.010176640119011648,7.742999999999999,Exposed,H3N2
0.024464572076194235,0.48830959144220276,0.06130143081345718,0.00953854817689348,7.829999999999999,Exposed,H3N2
0.02327365247027602,0.4955948555939729,0.05921517939109455,0.008940060493612956,7.917,Exposed,H3N2
0.02213939038464785,0.5028825313344935,0.057195857431296515,0.008378767446261315,8.004,Exposed,H3N2
0.021059215689931632,0.5101725153171055,0.05524158988694228,0.007852400175876073,8.091,Exposed,H3N2
0.020030662873023686,0.5174647099870615,0.05335053607018225,0.007358823077182497,8.177999999999999,Exposed,H3N2
0.01905136794379214,0.5247590231834252,0.051520890298333843,0.0068960265996906855,8.264999999999999,Exposed,H3N2
0.018119065311662186,0.5320553677731942,0.0497508824268571,0.00646212035927185,8.352,Exposed,H3N2
0.017231584648588982,0.539353661314663,0.048038778275911964,0.006055326557294682,8.439,Exposed,H3N2
0.016386847753016354,0.546653825747349,0.04638287995692947,0.00567397370271272,8.526,Exposed,H3N2
0.01558286542766707,0.553955787106075,0.04478152610550634,0.005316490631112614,8.613,Exposed,H3N2
0.014817734382415626,0.5612594752570564,0.04323309202680414,0.004981400813621972,8.7,Exposed,H3N2
0.33871370090872044,0.1629280668248578,0.41345553042420014,0.27123517947156495,0,General,H3N2
0.32706818312651686,0.1569002606538091,0.39796380911088736,0.2632791435922722,0.087,General,H3N2
0.31563194997806887,0.15091085891257452,0.3826916246161687,0.25546035184022486,0.174,General,H3N2
0.3044147017969716,0.14496462186609038,0.3676672860562429,0.24777989122306066,0.261,General,H3N2
0.29342518100587933,0.13906708653874938,0.35291739720617743,0.2402384081393083,0.348,General,H3N2
0.28267116581562013,0.13322472080857703,0.3384667376124102,0.23283609004914751,0.43499999999999994,General,H3N2
0.27215947154811815,0.12744511219038737,0.3243381788359654,0.2255726430427405,0.522,General,H3N2
0.2618959591320634,0.12173719940292453,0.3105526370944601,0.2184472643148826,0.609,General,H3N2
0.25188555025046333,0.1161115563855047,0.29712906289709495,0.2114586085287503,0.696,General,H3N2
0.24213224856397886,0.11058073993517546,0.2840844675232078,0.20460474715549026,0.7829999999999999,General,H3N2
0.23263916639323745,0.10515971316767381,0.27143398527588836,0.1978831202334299,0.8699999999999999,General,H3N2
0.22340855621669453,0.09986635676219392,0.25919096915113415,0.19129048080973732,0.957,General,H3N2
0.2144418463273423,0.09472207695648363,0.2473671155670012,0.18482283394900956,1.044,General,H3N2
0.20573967999059628,0.08975251095928218,0.23597261057171337,0.17847537514471334,1.131,General,H3N2
0.19730195745581625,0.0849883126941109,0.22501628473901658,0.17224243800469063,1.218,General,H3N2
0.18912788019377869,0.08046596843534369,0.21450575581997167,0.16611746913900438,1.305,General,H3N2
0.1812159967605328,0.07622853513241172,0.20444752631157392,0.1600930600901468,1.392,General,H3N2
0.17356424972299267,0.07232610712031151,0.19484698752432783,0.1541610818013358,1.4789999999999999,General,H3N2
0.16617002312186235,0.06881570085724673,0.18570826532521933,0.1483129836643552,1.5659999999999998,General,H3N2
0.15903018999164664,0.06576012704001725,0.17703383396928973,0.14254032814174866,1.6529999999999998,General,H3N2
0.1521411595042672,0.06322536391919144,0.16882384004283713,0.13683561657603815,1.7399999999999998,General,H3N2
0.14549892335095072,0.06127607761320096,0.16107514120439448,0.13119339938877883,1.827,General,H3N2
0.13909910102552825,0.05996938755026358,0.1537801875819056,0.12561154096787697,1.914,General,H3N2
0.13293698372013651,0.05934775403667973,0.14692603136235882,0.12009235213647962,2.001,General,H3N2
0.12700757659074258,0.05943267691928918,0.14049385442967977,0.11464319904650011,2.088,General,H3N2
0.12130563919429826,0.06022116715023738,0.13445934023806316,0.10927626126752799,2.175,General,H3N2
0.115825723941125,0.06168625106643212,0.1287939499402384,0.10400737825309425,2.262,General,H3N2
0.11056221244498554,0.06378132076772015,0.12346682018114896,0.09885426619943327,2.3489999999999998,General,H3N2
0.10550934968892534,0.06644681254709343,0.11844679140716308,0.09383459607445233,2.436,General,H3N2
0.10066127595722463,0.06961723656546688,0.11370411201237718,0.08896438730199407,2.5229999999999997,General,H3N2
0.0960120565126108,0.07322703781326698,0.10921157413511084,0.08425696124994242,2.61,General,H3N2
0.09155570902327348,0.07721461789939088,0.10494506559149985,0.07972247012840772,2.6969999999999996,General,H3N2
0.0872862287662507,0.08152456119686925,0.10088366408852267,0.07536787535776746,2.784,General,H3N2
0.08319761165258632,0.08610847606295839,0.09700944070778494,0.07119720870518098,2.871,General,H3N2
0.07928387513542057,0.09092493569960837,0.09330711724339813,0.06721197196465345,2.9579999999999997,General,H3N2
0.07553907707510987,0.09593892288649379,0.08976367758463688,0.06341157539937059,3.045,General,H3N2
0.07195733264578108,0.10112105926963551,0.08636799161232767,0.05979375692233657,3.1319999999999997,General,H3N2
0.06853282937563965,0.10644678971935001,0.08311047983406183,0.05635495425736492,3.219,General,H3N2
0.06525984041912691,0.11189561280875913,0.07998282829174497,0.053090621024804885,3.3059999999999996,General,H3N2
0.06213273616288051,0.11745039804398205,0.07697775317368705,0.04999548779886098,3.393,General,H3N2
0.05914599426962597,0.12309680152661054,0.07408880991722278,0.04706377382293536,3.4799999999999995,General,H3N2
0.05629420826486131,0.1288227767206697,0.0713102400357396,0.04428935660862643,3.5669999999999997,General,H3N2
0.053572094770663936,0.1346181702762117,0.06863684892751176,0.04166590660274716,3.654,General,H3N2
0.05097449948938004,0.14047439071075052,0.06606390864063094,0.03918699336845699,3.7409999999999997,General,H3N2
0.048496402037513486,0.14638413791510302,0.06358708050736506,0.03684616876365232,3.828,General,H3N2
0.046132919726975086,0.15234118265029006,0.06120235349300496,0.03463703164245879,3.9149999999999996,General,H3N2
0.04387931038715598,0.15834018674985847,0.058905994931736205,0.032553277751761645,4.002,General,H3N2
0.04173097431714545,0.16437655629444514,0.05669451101612877,0.030588737773938557,4.0889999999999995,General,H3N2
0.03968345545297758,0.17044632142997865,0.05456461497028864,0.028737405877056865,4.176,General,H3N2
0.037732441830136465,0.17654603770504776,0.052513201285231736,0.026993460659442747,4.263,General,H3N2
0.03587376541678089,0.18267270480354342,0.050537324747943146,0.025351279997766207,4.35,General,H3N2
0.034103401388331456,0.18882369936446736,0.04863418327132207,0.02380545100829401,4.436999999999999,General,H3N2
0.03241746690926184,0.19499671923822937,0.046801103746980655,0.022350776093819857,4.524,General,H3N2
0.03081221948320856,0.20118973705488255,0.045035530309861405,0.020982275860764954,4.611,General,H3N2
0.029284054927886216,0.2074009613991761,0.04333501453359967,0.019695189541481528,4.6979999999999995,General,H3N2
0.02782950502683168,0.21362880422111188,0.04169720717677616,0.018484973437510654,4.784999999999999,General,H3N2
0.02644523490568429,0.21987185337630566,0.040119851179251986,0.017347297803939177,4.872,General,H3N2
0.0251280401766083,0.2261288494019968,0.03860077566964237,0.01627804251799425,4.959,General,H3N2
0.02387484389054717,0.2323986658033133,0.03713789079355312,0.015273291812679224,5.045999999999999,General,H3N2
0.022682693333310078,0.2386802922593299,0.035729183210465365,0.01432932830555167,5.133,General,H3N2
0.02154875669801426,0.24497282026663278,0.034372712137362704,0.013442626511314115,5.22,General,H3N2
0.02047031966315016,0.25127543082507425,0.0330666058411645,0.012609845992878399,5.3069999999999995,General,H3N2
0.019444781902501984,0.25758738384054297,0.031809058501066634,0.011827824277538479,5.393999999999999,General,H3N2
0.01846965355032948,0.2639080089763356,0.03059832737709245,0.011093569641713152,5.481,General,H3N2
0.017542551642608983,0.27023669773078907,0.029432730233308613,0.010404253848493084,5.568,General,H3N2
0.016661196552714697,0.27657289655636896,0.0283106429739165,0.009757204906243322,5.654999999999999,General,H3N2
0.015823408437707687,0.2829161008660835,0.02723049745827233,0.009149899903190928,5.742,General,H3N2
0.015027103709363776,0.28926584979825337,0.026190779467216152,0.008579957961813878,5.829,General,H3N2
0.01427029154221382,0.2956217216313668,0.025190026798202148,0.008045133347570843,5.9159999999999995,General,H3N2
0.013551070429180578,0.30198332975783737,0.024226827470866685,0.007543308758758305,6.002999999999999,General,H3N2
0.012867624793851729,0.30835031913964045,0.02329981802802128,0.0070724888178113066,6.09,General,H3N2
0.012218221667041895,0.31472236318055835,0.022407681919794253,0.006630793778974464,6.177,General,H3N2
0.011601207434036476,0.3210991609595738,0.021549147960861048,0.006216453462773108,6.263999999999999,General,H3N2
0.011015004657781824,0.3274804347781393,0.020722988852511337,0.005827801423995305,6.351,General,H3N2
0.0104581089822664,0.3338659279809275,0.019928019762772475,0.005463269356802636,6.438,General,H3N2
0.00992908611943355,0.3402554030154443,0.019163096959014414,0.005121381738064312,6.5249999999999995,General,H3N2
0.009426568922159095,0.3466486397007621,0.018427116488432094,0.004800750707919077,6.611999999999999,General,H3N2
0.008949254545105978,0.3530454336797533,0.017719012902607023,0.004500071184894039,6.699,General,H3N2
0.008495901694634989,0.3594455950326992,0.017037758022997118,0.004218116211547551,6.786,General,H3N2
0.008065327968392877,0.3658489470331261,0.016382359744730346,0.0039537325255325495,6.872999999999999,General,H3N2
0.007656407284707845,0.37225532502925046,0.01575186087651126,0.003705836350132219,6.959999999999999,General,H3N2
0.0072680674014968805,0.3786645754365841,0.015145338014798115,0.003473409397682259,7.047,General,H3N2
0.00689928752401725,0.38507655482910674,0.014561900450689835,0.0032554950788183934,7.1339999999999995,General,H3N2
0.006549096000479371,0.39149112911800354,0.014000689108192521,0.003051194910156929,7.220999999999999,General,H3N2
0.006216568104261633,0.3979081728083435,0.013460875512714798,0.0028596651127977823,7.308,General,H3N2
0.005900823901240915,0.4043275683252498,0.012941660788797549,0.0026801133939255983,7.395,General,H3N2
0.005601026200555914,0.4107492054021461,0.01244227468619119,0.002511795903744729,7.481999999999999,General,H3N2
0.005316378586964099,0.41717298052454105,0.01196197463349502,0.0023540143600154773,7.568999999999999,General,H3N2
0.005046123532818858,0.4235987964235896,0.011500044818646638,0.0022061133325442794,7.656,General,H3N2
0.004789540587594843,0.4300265616143357,0.011055795295603854,0.002067477680106178,7.742999999999999,General,H3N2
0.004545944642806443,0.4364561899741282,0.01062856111660937,0.0019375301324471295,7.829999999999999,General,H3N2
0.004314684270102731,0.44288760035720853,0.010217701489469433,0.001815729010196998,7.917,General,H3N2
0.004095140130291219,0.44932071624191827,0.009822598959291495,0.001701566075744343,8.004,General,H3N2
0.003886723451003049,0.45575546540736533,0.009442658614161381,0.0015945645083474957,8.091,General,H3N2
0.0036888745707178705,0.46219177963673025,0.009077307314246719,0.0014942769969947811,8.177999999999999,General,H3N2
0.0035010615468554773,0.46862959444469715,0.008725992943826144,0.0014002839447798676,8.264999999999999,General,H3N2
0.003322778825660344,0.47506884882676187,0.008388183685756223,0.0013121917787988213,8.352,General,H3N2
0.0031535459716240943,0.481509485028403,0.008063367317890147,0.0012296313598367803,8.439,General,H3N2
0.002992906454219013,0.487951448332312,0.007751050530969916,0.0011522564863608586,8.526,General,H3N2
0.0028404264897571307,0.4943946868620594,0.007450758267514956,0.001079742487577584,8.613,General,H3N2
0.0026956939362191568,0.5008391514007431,0.007162033081234642,0.0010117849005731872,8.7,General,H3N2
